	http://blog.outer-court.com/rss.xml	http://feeds.abcnews.com/abcnews/blotterheadlines	http://feeds.feedburner.com/37signals/beMH	http://feeds.feedburner.com/GoogleOperatingSystem	http://feeds.feedburner.com/JohnBattellesSearchblog	http://feeds.feedburner.com/Mashable	http://feeds.feedburner.com/andrewsullivan/rApM	http://feeds.feedburner.com/blogspot/bRuz	http://feeds.feedburner.com/paulstamatiou	http://feeds.feedburner.com/pjmedia/instapundit	http://feeds.feedburner.com/powerlineblog/livefeed	http://gizmodo.com/index.xml	http://gofugyourself.typepad.com/go_fug_yourself/index.rdf	http://googleblog.blogspot.com/rss.xml	http://headrush.typepad.com/creating_passionate_users/index.rdf	http://joi.ito.com/index.rdf	http://michellemalkin.com/feed/	http://moblogsmoproblems.blogspot.com/rss.xml	http://newsbusters.org/node/feed	http://radar.oreilly.com/index.rdf	http://rss.slashdot.org/Slashdot/slashdot	http://scienceblogs.com/pharyngula/feed/	http://scobleizer.wordpress.com/feed/	http://sethgodin.typepad.com/seths_blog/index.rdf	http://thinkprogress.org/feed/	http://www.topix.com//rss/news/blogs	https://blog.zawodny.com/feed/	https://gigaom.com/feed/	https://guykawasaki.com/feed/	https://searchenginewatch.com/tag/rss-feed/feed/
able	0	0	6.0	2.0	0	1.0	1.0	1.0	26.0	0	0	0	0	3.0	0	0	0	2.0	8.0	0	1.0	0	0	0	5.0	0	0	1.0	0	0
above	0	0	3.0	1.0	0	2.0	0	0	5.0	0	0	0	0	4.0	0	0	0	1.0	6.0	0	0	0	0	0	0	0	0	0	0	0
absolutely	0	0	2.0	0	0	2.0	0	0	4.0	0	0	0	0	0	0	0	0	2.0	1.0	1.0	0	0	0	0	0	0	0	0	0	0
access	0	0	0	1.0	0	0	0	0	18.0	0	0	0	0	6.0	0	0	0	1.0	7.0	0	3.0	0	0	0	1.0	0	0	0	1.0	0
according	0	0	0	2.0	0	3.0	2.0	0	0	0	0	0	0	1.0	0	0	0	2.0	24.0	0	4.0	0	0	0	5.0	0	0	0	0	0
across	2.0	0	3.0	0	0	0	0	1.0	11.0	0	0	0	0	16.0	0	0	0	0	5.0	0	0	0	0	0	0	0	0	0	0	0
action	0	0	2.0	0	0	0	0	0	5.0	0	0	0	0	2.0	0	0	0	1.0	21.0	0	0	0	0	0	0	0	0	0	0	1.0
actual	0	0	0	0	0	0	1.0	0	3.0	0	0	0	0	0	0	0	0	2.0	9.0	0	0	0	0	0	2.0	0	0	0	0	0
actually	2.0	0	10.0	1.0	1.0	1.0	0	1.0	37.0	2.0	0	0	0	0	0	0	0	10.0	32.0	0	0	0	0	1.0	3.0	0	0	0	0	0
add	3.0	0	0	6.0	0	2.0	0	0	18.0	0	1.0	0	0	2.0	3.0	0	0	10.0	2.0	0	0	0	1.0	1.0	0	0	0	0	0	0
added	1.0	0	0	2.0	0	1.0	0	0	8.0	0	0	0	0	2.0	0	0	0	1.0	22.0	0	2.0	0	0	0	3.0	0	0	0	0	0
ads	0	0	1.0	1.0	2.0	0	1.0	0	0	0	0	0	0	4.0	0	0	0	1.0	3.0	0	0	0	0	0	0	0	2.0	0	0	0
after	0	1.0	6.0	2.0	1.0	7.0	2.0	2.0	46.0	8.0	0	0	0	11.0	0	1.0	0	8.0	37.0	2.0	4.0	1.0	1.0	0	11.0	2.0	0	0	0	0
again	0	0	8.0	2.0	3.0	1.0	0	0	9.0	0	0	0	0	0	0	0	1.0	3.0	15.0	0	1.0	1.0	0	0	2.0	0	0	0	0	0
against	0	0	1.0	1.0	0	0	1.0	3.0	3.0	2.0	0	0	0	0	0	0	1.0	0	32.0	0	0	0	0	0	7.0	1.0	0	0	0	1.0
age	0	0	2.0	0	0	0	1.0	0	4.0	0	1.0	0	0	5.0	0	0	0	6.0	1.0	0	1.0	0	3.0	0	0	0	0	0	0	0
agency	0	0	0	0	2.0	0	0	1.0	0	2.0	0	0	0	1.0	0	0	0	2.0	8.0	0	2.0	0	0	0	0	0	0	0	0	0
ago	0	0	1.0	0	1.0	0	2.0	1.0	11.0	1.0	0	0	0	1.0	0	0	0	5.0	9.0	0	0	0	0	0	1.0	0	1.0	0	0	0
ahead	0	0	2.0	0	0	2.0	0	0	1.0	0	0	0	0	1.0	0	0	0	2.0	7.0	0	0	0	0	0	1.0	0	0	0	0	0
almost	0	0	2.0	0	0	0	1.0	2.0	8.0	0	0	0	0	3.0	0	0	0	3.0	4.0	0	2.0	0	0	1.0	2.0	0	0	0	0	0
alone	0	0	2.0	0	0	0	0	0	2.0	0	0	0	0	0	0	0	0	5.0	4.0	0	0	0	0	0	0	0	0	0	0	0
along	0	0	1.0	0	0	0	0	0	24.0	0	0	0	0	4.0	0	0	0	4.0	9.0	0	0	0	0	0	2.0	0	0	0	0	0
already	1.0	0	4.0	1.0	0	2.0	0	0	21.0	0	0	0	0	2.0	0	0	0	2.0	10.0	1.0	1.0	0	0	0	3.0	0	0	0	0	0
although	2.0	0	1.0	0	0	0	0	0	1.0	0	0	0	0	2.0	0	0	0	2.0	6.0	0	0	0	0	0	1.0	0	0	0	0	0
always	2.0	0	6.0	1.0	0	0	1.0	3.0	24.0	0	0	0	0	2.0	2.0	0	0	6.0	17.0	0	0	0	0	0	0	0	2.0	0	0	1.0
amazing	0	0	3.0	0	0	2.0	0	0	2.0	0	0	0	0	1.0	0	0	0	5.0	1.0	0	0	0	0	0	0	0	0	0	0	0
america	0	0	0	0	0	0	2.0	0	0	1.0	0	0	0	1.0	0	0	0	2.0	34.0	0	1.0	0	0	0	2.0	0	0	0	2.0	0
amp	0	0	1.0	0	0	1.0	0	0	17.0	0	0	0	0	3.0	0	0	0	3.0	5.0	0	1.0	0	0	0	0	0	0	0	0	0
android	1.0	0	3.0	8.0	0	1.0	0	0	49.0	0	0	0	0	3.0	0	0	0	0	0	0	0	0	1.0	0	0	0	0	0	0	0
announced	0	0	2.0	0	0	0	0	0	2.0	0	0	0	0	10.0	0	0	0	0	7.0	0	1.0	0	0	0	1.0	0	0	0	0	0
another	2.0	0	8.0	4.0	0	2.0	2.0	2.0	32.0	0	0	0	0	1.0	0	0	0	8.0	24.0	0	1.0	0	0	0	2.0	0	0	0	0	0
answer	3.0	0	1.0	1.0	0	0	1.0	0	4.0	0	0	0	0	1.0	0	1.0	0	2.0	4.0	1.0	0	0	0	0	0	0	0	0	0	0
anti	0	0	0	1.0	0	0	0	0	2.0	0	0	0	0	0	0	0	0	0	16.0	0	2.0	0	0	0	2.0	0	0	0	0	0
any	3.0	1.0	12.0	3.0	0	5.0	1.0	8.0	56.0	1.0	0	0	0	6.0	0	0	0	8.0	48.0	0	7.0	0	0	0	5.0	5.0	0	0	1.0	1.0
anymore	3.0	0	3.0	0	0	0	0	0	3.0	0	0	0	0	0	0	0	0	0	5.0	0	0	0	0	0	0	0	0	0	0	0
anyone	1.0	0	5.0	0	1.0	1.0	2.0	1.0	1.0	2.0	0	0	0	4.0	0	0	0	0	13.0	0	1.0	0	0	0	0	2.0	0	0	0	0
anything	0	0	11.0	0	0	0	0	1.0	18.0	0	0	0	0	4.0	0	0	0	1.0	13.0	0	1.0	0	0	0	1.0	0	0	0	1.0	0
app	3.0	0	6.0	9.0	0	2.0	0	2.0	48.0	0	0	0	0	3.0	4.0	0	0	0	0	0	0	0	1.0	0	0	0	0	0	0	0
appeared	0	0	0	0	20.0	0	0	0	2.0	0	0	0	0	0	0	0	0	0	8.0	0	0	0	0	0	0	1.0	0	0	10.0	0
apple	0	0	1.0	0	2.0	6.0	0	0	3.0	0	0	0	0	0	0	0	0	1.0	0	2.0	0	0	3.0	0	0	0	0	0	0	0
apps	6.0	0	1.0	2.0	0	2.0	0	0	11.0	0	0	0	0	8.0	1.0	0	0	0	0	0	0	0	0	0	0	0	0	0	0	0
april	0	0	0	1.0	0	0	0	0	2.0	0	0	0	0	0	1.0	0	0	12.0	5.0	0	0	0	0	0	4.0	0	0	0	0	0
aren	1.0	0	6.0	2.0	0	0	0	1.0	0	0	0	0	0	1.0	0	0	0	10.0	3.0	0	0	1.0	1.0	0	1.0	0	0	0	0	0
around	2.0	0	7.0	2.0	1.0	2.0	3.0	2.0	52.0	3.0	0	0	0	12.0	0	1.0	0	7.0	25.0	1.0	5.0	0	2.0	0	1.0	1.0	0	0	0	0
article	0	0	1.0	0	0	0	0	0	13.0	0	1.0	0	0	2.0	0	0	0	2.0	58.0	1.0	2.0	0	0	0	0	0	0	0	0	0
ask	0	0	4.0	1.0	0	0	0	0	11.0	0	0	0	0	7.0	0	0	0	3.0	9.0	0	0	0	0	0	0	0	0	0	0	0
asked	1.0	0	7.0	0	0	1.0	0	1.0	8.0	0	0	0	0	0	0	0	0	1.0	14.0	0	0	0	0	0	3.0	0	0	0	0	0
asking	1.0	0	2.0	0	0	0	0	0	5.0	1.0	0	0	0	1.0	0	0	0	2.0	4.0	1.0	0	0	0	0	0	0	0	0	0	0
attention	0	0	2.0	0	0	0	0	0	3.0	0	1.0	0	0	0	0	0	0	8.0	6.0	0	0	0	0	0	1.0	0	0	1.0	0	0
author	0	0	0	0	0	1.0	1.0	0	3.0	0	2.0	0	0	3.0	0	3.0	0	0	4.0	0	1.0	0	0	0	0	0	0	0	0	0
available	0	0	5.0	3.0	0	0	0	1.0	7.0	0	0	0	0	6.0	0	2.0	0	0	1.0	1.0	1.0	0	0	0	0	1.0	0	0	0	0
away	0	0	4.0	0	0	0	0	4.0	13.0	0	0	0	0	1.0	0	0	0	3.0	7.0	0	1.0	0	1.0	0	0	0	0	0	0	0
bad	0	0	3.0	0	2.0	1.0	1.0	1.0	4.0	1.0	0	0	0	0	0	0	1.0	3.0	10.0	0	0	0	0	3.0	1.0	0	0	1.0	0	0
bar	1.0	0	1.0	2.0	0	1.0	0	0	12.0	0	0	0	0	3.0	0	0	0	1.0	2.0	0	0	0	0	0	0	0	0	0	0	0
based	1.0	0	1.0	1.0	0	1.0	0	3.0	7.0	0	0	0	0	6.0	1.0	0	0	0	17.0	0	1.0	0	1.0	0	3.0	0	0	0	0	0
beach	0	0	0	0	0	4.0	0	2.0	0	0	0	0	1.0	5.0	0	0	0	1.0	0	0	0	0	0	0	5.0	0	0	0	0	0
became	0	0	0	0	0	0	0	0	8.0	1.0	0	0	0	3.0	0	1.0	0	2.0	4.0	0	1.0	0	0	0	1.0	0	0	0	0	0
because	5.0	0	25.0	2.0	0	1.0	1.0	5.0	9.0	0	0	0	0	6.0	0	1.0	0	40.0	81.0	1.0	1.0	1.0	2.0	2.0	5.0	0	1.0	0	3.0	2.0
become	0	0	6.0	2.0	0	0	0	1.0	5.0	0	0	0	0	8.0	0	0	0	11.0	13.0	2.0	2.0	0	0	0	0	0	0	0	0	0
becoming	0	0	0	0	2.0	0	1.0	0	3.0	1.0	0	0	0	1.0	0	0	0	3.0	2.0	1.0	0	0	0	0	0	0	0	0	0	0
before	0	1.0	16.0	0	0	5.0	1.0	4.0	31.0	0	1.0	0	1.0	5.0	1.0	0	0	9.0	33.0	0	4.0	0	0	0	2.0	0	0	1.0	0	0
began	0	0	3.0	0	0	2.0	0	0	25.0	0	0	0	0	1.0	0	0	0	9.0	7.0	0	1.0	1.0	0	0	2.0	1.0	0	0	0	0
being	0	0	6.0	0	0	2.0	0	0	21.0	1.0	0	0	0	2.0	0	1.0	1.0	18.0	49.0	0	2.0	0	0	0	1.0	1.0	0	0	0	0
below	1.0	0	4.0	3.0	0	2.0	0	0	17.0	0	0	0	0	1.0	0	0	0	1.0	14.0	0	0	0	0	0	0	0	0	0	0	0
best	4.0	0	8.0	1.0	0	2.0	0	2.0	21.0	0	0	0	0	9.0	0	0	0	7.0	19.0	0	2.0	0	0	0	0	1.0	0	0	0	3.0
better	0	0	14.0	1.0	0	2.0	2.0	7.0	65.0	4.0	0	0	0	2.0	1.0	0	0	10.0	10.0	0	1.0	1.0	2.0	0	3.0	0	0	0	0	0
between	0	0	3.0	4.0	0	0	1.0	1.0	27.0	0	0	0	1.0	3.0	0	0	0	2.0	12.0	0	1.0	1.0	0	1.0	2.0	1.0	0	0	0	0
beyond	1.0	0	2.0	0	0	1.0	0	0	5.0	0	0	0	0	3.0	0	0	0	0	6.0	0	2.0	0	0	0	0	0	0	0	0	0
big	0	0	14.0	0	5.0	4.0	2.0	2.0	11.0	1.0	0	0	0	3.0	0	0	0	13.0	17.0	0	2.0	0	1.0	1.0	2.0	1.0	0	0	0	0
bigger	0	0	3.0	3.0	0	0	0	1.0	0	0	0	0	0	0	0	0	0	3.0	5.0	0	1.0	0	0	1.0	0	0	0	0	0	0
bit	0	0	7.0	0	0	0	0	0	47.0	1.0	0	0	0	4.0	0	3.0	0	8.0	10.0	0	0	0	0	0	0	0	0	0	0	0
blog	1.0	0	1.0	2.0	20.0	0	6.0	1.0	14.0	0	0	0	0	1.0	2.0	0	0	45.0	1.0	0	2.0	0	4.0	0	0	5.0	1.0	0	0	3.0
body	2.0	0	0	0	0	1.0	0	0	4.0	1.0	0	0	0	1.0	0	0	0	0	54.0	0	1.0	0	0	0	6.0	1.0	0	0	0	0
book	0	0	1.0	0	0	0	2.0	0	36.0	0	0	0	0	5.0	0	7.0	0	0	3.0	0	3.0	0	0	0	0	0	0	0	0	0
both	2.0	0	7.0	2.0	0	1.0	0	0	13.0	0	0	0	0	10.0	1.0	2.0	0	6.0	27.0	1.0	3.0	0	1.0	0	6.0	0	1.0	0	0	0
bring	0	0	0	1.0	0	4.0	0	0	2.0	0	0	0	0	6.0	0	0	0	2.0	3.0	0	0	0	1.0	0	0	0	0	0	0	0
built	0	0	1.0	0	0	0	0	3.0	14.0	0	0	0	0	4.0	0	0	0	0	0	0	3.0	0	0	0	0	0	0	0	1.0	0
business	0	2.0	36.0	0	3.0	1.0	0	2.0	3.0	0	0	0	0	6.0	0	0	0	13.0	8.0	0	1.0	0	1.0	0	1.0	2.0	0	3.0	0	1.0
buy	0	0	4.0	0	0	4.0	0	2.0	7.0	0	0	0	0	0	0	0	0	2.0	3.0	0	0	0	0	0	3.0	0	0	0	0	0
call	0	0	5.0	0	3.0	0	0	0	20.0	0	0	0	0	3.0	0	1.0	0	1.0	7.0	0	0	0	0	0	0	0	0	1.0	0	0
called	1.0	0	6.0	4.0	1.0	2.0	0	2.0	14.0	0	0	0	0	2.0	0	1.0	0	4.0	30.0	0	0	0	0	0	2.0	0	0	0	0	0
came	0	0	3.0	1.0	0	0	0	0	12.0	0	0	0	0	3.0	0	2.0	0	1.0	15.0	0	0	0	0	0	1.0	0	0	0	0	0
camera	0	0	0	2.0	0	1.0	2.0	0	25.0	0	0	0	0	0	0	0	0	0	2.0	0	0	0	0	0	0	0	0	0	0	0
campaign	0	0	0	0	0	0	0	2.0	1.0	0	0	0	0	2.0	0	0	0	0	10.0	0	0	0	0	0	5.0	0	0	0	0	0
car	0	0	0	0	0	1.0	0	4.0	4.0	0	0	0	0	2.0	0	0	0	0	3.0	0	5.0	0	0	0	1.0	0	1.0	0	1.0	0
care	0	0	1.0	1.0	0	0	0	4.0	4.0	2.0	0	0	0	4.0	0	0	0	1.0	49.0	0	0	0	0	2.0	13.0	0	1.0	0	0	0
career	0	0	2.0	0	0	1.0	0	1.0	2.0	0	0	0	1.0	3.0	0	0	0	1.0	2.0	0	0	0	0	0	0	2.0	0	0	1.0	0
case	1.0	0	2.0	0	0	1.0	1.0	0	15.0	0	1.0	0	0	5.0	0	0	0	7.0	12.0	0	0	0	0	0	0	1.0	0	0	3.0	0
center	0	0	0	2.0	0	0	1.0	0	2.0	0	0	0	0	2.0	0	1.0	0	3.0	12.0	0	2.0	0	0	0	2.0	0	0	1.0	0	0
ceo	0	0	5.0	0	1.0	0	0	0	1.0	0	0	0	0	1.0	0	0	0	0	5.0	0	2.0	0	2.0	0	0	0	0	0	0	0
certain	2.0	0	1.0	2.0	0	0	0	0	7.0	0	0	0	0	2.0	0	0	0	1.0	1.0	0	0	0	0	3.0	0	0	0	0	0	0
chance	0	0	3.0	0	0	1.0	3.0	2.0	2.0	0	0	0	0	0	0	1.0	0	5.0	2.0	0	0	0	0	0	3.0	0	0	0	0	0
change	1.0	0	9.0	3.0	0	2.0	0	0	17.0	0	0	0	0	3.0	1.0	0	0	3.0	14.0	0	0	0	1.0	1.0	1.0	0	0	0	0	0
changed	0	0	1.0	0	0	2.0	3.0	1.0	12.0	0	0	0	0	3.0	0	0	0	0	5.0	0	0	0	1.0	0	0	0	0	0	0	0
channel	1.0	0	3.0	2.0	0	0	0	0	0	0	0	0	0	0	0	0	0	3.0	3.0	0	0	0	0	0	0	0	0	0	0	0
chat	7.0	0	2.0	0	0	0	0	0	2.0	0	0	0	0	2.0	0	0	0	15.0	0	0	0	0	0	0	0	0	0	0	0	0
check	0	0	7.0	1.0	0	0	0	0	8.0	0	0	0	0	8.0	0	0	0	7.0	1.0	0	0	0	1.0	0	2.0	0	0	0	0	0
choice	0	0	2.0	0	0	0	0	0	2.0	0	0	0	0	3.0	0	0	0	1.0	8.0	0	0	0	0	1.0	0	0	0	0	0	0
choose	0	0	1.0	0	0	0	0	0	2.0	2.0	0	0	0	4.0	0	0	0	0	7.0	0	1.0	0	0	0	2.0	0	0	0	0	0
chris	0	0	0	0	0	3.0	0	2.0	2.0	0	0	0	0	3.0	1.0	0	0	1.0	8.0	0	1.0	0	0	0	3.0	0	0	0	0	0
city	0	0	0	0	0	5.0	0	4.0	3.0	0	0	0	0	5.0	0	0	0	0	5.0	0	0	0	0	0	1.0	0	0	0	0	0
class	0	0	0	0	0	0	0	0	6.0	0	0	0	0	5.0	0	2.0	0	0	3.0	0	0	0	0	0	0	0	0	0	0	0
clear	0	0	2.0	2.0	0	0	0	0	5.0	0	0	0	0	1.0	0	0	0	0	14.0	0	2.0	0	0	0	2.0	0	0	0	0	0
click	2.0	0	1.0	9.0	0	0	0	0	11.0	0	0	0	0	2.0	0	0	0	3.0	0	0	0	0	0	0	0	0	0	0	0	0
close	0	0	1.0	0	0	0	1.0	0	8.0	1.0	0	0	0	0	0	0	0	5.0	15.0	0	0	0	0	1.0	2.0	0	0	0	0	0
cloud	0	0	0	4.0	0	0	0	0	4.0	0	0	0	0	14.0	0	0	0	0	0	0	0	0	2.0	0	0	0	0	0	0	0
cnn	0	0	0	0	0	3.0	0	1.0	0	8.0	0	0	0	1.0	2.0	0	1.0	0	77.0	0	1.0	0	0	0	7.0	0	0	0	0	0
college	0	0	0	0	0	0	2.0	3.0	2.0	1.0	2.0	0	0	1.0	0	0	0	0	4.0	0	1.0	0	0	0	4.0	0	0	0	0	0
color	2.0	0	1.0	11.0	0	0	0	0	0	0	0	0	0	6.0	0	0	0	1.0	11.0	0	0	0	0	0	4.0	0	0	0	0	0
com	0	0	7.0	2.0	0	15.0	1.0	2.0	24.0	0	0	0	0	0	0	0	0	22.0	15.0	2.0	0	0	4.0	0	5.0	0	0	0	0	0
come	1.0	0	6.0	0	0	0	0	1.0	17.0	0	1.0	0	0	5.0	0	0	0	6.0	23.0	0	0	0	2.0	0	5.0	0	0	0	0	1.0
comes	1.0	0	5.0	1.0	0	2.0	0	0	11.0	2.0	0	0	0	4.0	0	0	0	2.0	11.0	0	0	0	1.0	0	2.0	0	0	0	0	0
coming	0	0	1.0	0	1.0	1.0	0	0	6.0	0	0	0	0	3.0	0	0	1.0	12.0	11.0	0	0	0	2.0	0	0	0	0	1.0	0	1.0
comment	0	0	0	0	0	0	0	0	2.0	0	0	0	0	2.0	0	0	0	16.0	4.0	0	0	0	0	0	1.0	3.0	0	0	0	0
common	0	0	6.0	0	0	0	0	0	2.0	1.0	0	0	0	2.0	0	0	0	2.0	1.0	0	0	0	0	0	0	0	0	0	0	0
community	0	0	2.0	1.0	0	0	0	1.0	6.0	1.0	0	0	0	9.0	0	0	0	10.0	10.0	0	2.0	0	0	1.0	2.0	0	0	0	0	0
companies	0	0	5.0	0	1.0	0	0	2.0	1.0	0	0	0	0	1.0	0	0	0	27.0	2.0	0	5.0	0	4.0	0	0	0	0	0	0	0
company	0	0	8.0	0	4.0	2.0	0	2.0	3.0	0	0	0	0	5.0	0	0	0	13.0	7.0	0	10.0	0	1.0	0	2.0	0	0	0	4.0	1.0
complete	1.0	0	0	0	0	0	1.0	0	2.0	0	0	0	0	2.0	0	0	0	2.0	4.0	0	0	0	0	0	0	0	0	0	0	0
completely	0	0	3.0	1.0	0	0	0	1.0	6.0	0	0	0	0	2.0	0	0	0	1.0	2.0	0	0	0	2.0	0	2.0	0	0	0	0	0
connection	0	0	2.0	0	0	0	0	0	7.0	0	0	0	0	0	0	0	0	2.0	6.0	0	0	0	0	0	0	0	0	0	0	0
consider	0	0	3.0	0	0	0	0	1.0	9.0	0	0	0	0	6.0	0	0	0	1.0	5.0	0	0	0	0	0	0	0	0	0	0	0
content	0	0	2.0	2.0	1.0	0	2.0	0	7.0	0	0	0	20.0	4.0	0	1.0	0	15.0	63.0	2.0	0	0	1.0	1.0	1.0	1.0	0	0	0	11.0
context	0	0	1.0	0	0	0	0	0	2.0	0	0	0	0	3.0	0	0	0	0	3.0	0	0	0	2.0	0	0	0	0	0	0	0
continue	0	0	0	0	0	0	1.0	0	4.0	0	0	0	0	2.0	0	0	0	1.0	6.0	0	1.0	0	14.0	0	1.0	0	10.0	0	0	0
continuing	0	0	11.0	0	0	0	0	0	2.0	0	0	0	0	2.0	0	0	0	0	1.0	0	0	0	0	0	10.0	0	0	0	0	0
control	0	0	2.0	1.0	0	0	0	3.0	25.0	1.0	0	0	0	4.0	0	1.0	0	0	18.0	0	1.0	0	0	0	0	1.0	0	0	0	0
conversation	0	0	14.0	0	0	1.0	0	0	5.0	0	0	0	0	1.0	0	5.0	0	5.0	10.0	0	0	0	3.0	0	11.0	0	0	1.0	0	0
cost	0	0	0	0	0	0	0	0	7.0	0	0	0	0	1.0	0	0	0	2.0	5.0	0	2.0	0	0	0	1.0	0	0	0	1.0	1.0
could	1.0	1.0	11.0	0	0	7.0	1.0	4.0	52.0	1.0	0	0	0	5.0	1.0	0	0	8.0	48.0	2.0	4.0	0	2.0	1.0	13.0	0	1.0	0	0	0
couldn	0	0	4.0	0	0	0	1.0	0	9.0	0	0	0	0	0	0	0	0	5.0	5.0	0	0	0	0	0	0	0	0	0	0	0
country	0	0	1.0	0	1.0	1.0	0	2.0	5.0	0	0	0	0	2.0	0	0	0	0	39.0	0	3.0	0	0	0	2.0	0	0	0	0	0
course	0	0	5.0	0	0	3.0	0	2.0	18.0	1.0	0	0	0	0	0	1.0	1.0	3.0	12.0	0	0	1.0	0	0	2.0	0	0	1.0	0	0
coverage	0	0	0	0	0	0	1.0	0	9.0	0	0	0	0	3.0	0	0	0	0	13.0	0	0	0	0	0	5.0	0	0	0	0	0
create	1.0	0	3.0	0	0	0	0	0	20.0	0	0	0	0	18.0	0	0	0	11.0	3.0	0	1.0	0	0	1.0	1.0	1.0	0	0	0	2.0
created	0	0	0	0	0	2.0	2.0	0	9.0	0	0	0	0	8.0	0	0	0	7.0	3.0	0	0	0	0	0	0	0	0	0	0	0
creating	0	0	0	0	0	0	0	0	9.0	0	0	0	0	4.0	2.0	0	0	6.0	0	0	0	0	0	2.0	1.0	0	0	0	0	0
culture	0	0	1.0	0	0	5.0	0	0	3.0	0	0	0	0	4.0	0	0	0	0	13.0	0	0	0	0	0	0	0	0	0	0	0
current	1.0	0	2.0	1.0	0	0	1.0	1.0	24.0	0	0	0	0	2.0	0	0	0	3.0	11.0	0	1.0	0	0	0	2.0	0	0	0	0	0
customers	0	0	8.0	0	0	1.0	0	0	5.0	0	0	0	0	7.0	0	0	0	19.0	0	0	0	0	0	3.0	0	2.0	0	3.0	1.0	0
data	0	0	1.0	1.0	0	0	0	1.0	40.0	0	0	0	0	15.0	0	0	0	0	3.0	2.0	5.0	0	0	0	4.0	0	0	3.0	0	1.0
day	3.0	1.0	6.0	2.0	0	3.0	2.0	1.0	26.0	3.0	0	0	0	8.0	0	3.0	1.0	21.0	26.0	0	0	0	0	0	5.0	2.0	1.0	0	2.0	0
days	0	0	5.0	0	0	1.0	0	1.0	16.0	0	0	0	0	5.0	0	0	0	8.0	8.0	0	0	0	0	0	3.0	0	0	0	2.0	0
decide	0	0	3.0	0	1.0	0	0	0	3.0	0	0	0	0	1.0	2.0	0	0	1.0	2.0	0	0	0	0	0	1.0	0	0	0	0	0
decided	0	0	0	1.0	0	2.0	0	1.0	13.0	0	0	0	0	0	0	1.0	0	6.0	5.0	0	2.0	0	0	0	1.0	0	0	0	0	0
deep	0	0	1.0	0	0	2.0	0	0	3.0	1.0	0	0	0	4.0	0	1.0	0	0	4.0	0	2.0	0	0	0	0	0	0	0	0	0
definitely	0	0	2.0	0	0	1.0	1.0	0	8.0	0	0	0	0	1.0	0	0	0	4.0	4.0	0	0	0	0	0	0	0	0	0	0	0
designed	0	0	0	2.0	0	1.0	0	0	0	0	0	0	0	8.0	0	0	0	0	3.0	0	2.0	0	0	0	1.0	0	0	0	0	0
desktop	0	0	2.0	3.0	0	0	0	0	15.0	0	0	0	0	1.0	0	0	0	2.0	0	0	0	0	0	0	0	0	0	0	1.0	0
development	0	0	2.0	0	0	0	0	1.0	9.0	0	0	0	0	4.0	0	0	0	0	1.0	0	3.0	0	0	0	0	0	0	0	0	0
devices	1.0	0	0	3.0	0	0	0	0	25.0	0	0	0	0	2.0	0	0	0	0	0	0	1.0	0	3.0	0	0	0	0	0	0	0
did	1.0	0	8.0	3.0	1.0	2.0	2.0	0	28.0	1.0	0	0	0	5.0	0	0	0	11.0	43.0	0	0	1.0	0	0	2.0	1.0	0	1.0	0	0
didn	0	0	17.0	0	1.0	2.0	3.0	4.0	24.0	0	0	0	0	0	0	0	0	14.0	22.0	0	1.0	0	1.0	0	3.0	0	1.0	0	0	0
different	2.0	0	7.0	9.0	0	1.0	1.0	2.0	8.0	0	0	0	0	8.0	0	0	0	4.0	10.0	0	5.0	0	0	0	1.0	0	0	0	0	0
directly	0	0	3.0	1.0	0	0	0	0	12.0	0	0	0	0	2.0	0	0	0	1.0	4.0	0	0	0	0	0	0	0	0	0	0	0
discovered	0	0	2.0	0	0	2.0	0	0	2.0	0	0	0	0	0	0	0	0	0	2.0	0	1.0	0	0	0	0	0	0	0	0	1.0
discussion	2.0	0	0	0	0	0	0	0	1.0	0	0	0	0	2.0	0	0	0	6.0	3.0	0	1.0	0	0	0	1.0	0	0	0	0	0
does	0	0	5.0	0	2.0	0	0	2.0	24.0	0	0	0	0	3.0	2.0	0	0	4.0	20.0	0	1.0	0	1.0	0	2.0	1.0	0	0	0	0
doesn	0	0	8.0	2.0	0	0	1.0	4.0	16.0	1.0	0	0	0	2.0	0	0	0	3.0	24.0	0	0	0	0	1.0	2.0	0	0	0	1.0	0
doing	1.0	0	14.0	0	1.0	0	1.0	1.0	8.0	0	0	0	0	0	0	0	0	14.0	24.0	0	1.0	1.0	0	0	2.0	0	1.0	0	0	0
don	4.0	0	28.0	3.0	1.0	1.0	4.0	6.0	47.0	0	0	0	0	1.0	0	0	1.0	14.0	62.0	0	2.0	1.0	2.0	3.0	6.0	0	0	0	0	0
donald	0	1.0	0	0	0	10.0	0	0	0	2.0	0	0	0	0	0	0	0	0	37.0	0	0	0	0	0	8.0	0	0	0	0	0
done	0	0	9.0	0	1.0	0	0	0	22.0	0	0	0	0	2.0	0	0	0	3.0	21.0	0	0	0	1.0	0	0	0	0	0	0	0
dos	0	0	10.0	0	0	0	0	0	3.0	0	0	0	0	0	0	0	0	0	2.0	0	8.0	0	1.0	0	0	0	0	0	0	0
down	1.0	0	13.0	4.0	1.0	4.0	1.0	1.0	33.0	4.0	0	0	0	3.0	0	1.0	0	2.0	29.0	0	1.0	0	0	0	5.0	0	0	0	0	0
drive	0	0	1.0	1.0	0	1.0	0	1.0	20.0	0	0	0	0	2.0	0	0	0	1.0	2.0	0	0	0	0	0	0	0	0	0	3.0	0
due	0	0	0	0	0	2.0	0	0	7.0	0	0	0	0	1.0	0	0	0	2.0	4.0	0	3.0	0	0	0	3.0	0	0	0	0	0
during	0	0	3.0	0	0	2.0	2.0	2.0	14.0	1.0	0	0	0	4.0	0	0	0	8.0	21.0	0	1.0	0	0	0	8.0	1.0	0	0	0	0
each	3.0	0	4.0	4.0	1.0	0	0	0	18.0	0	0	0	0	7.0	0	1.0	0	3.0	12.0	0	0	1.0	3.0	1.0	1.0	0	0	0	0	0
earlier	0	0	3.0	0	0	0	0	0	10.0	0	0	0	0	3.0	0	0	0	1.0	11.0	0	1.0	0	0	0	0	0	2.0	0	0	0
early	0	0	4.0	1.0	0	0	1.0	0	12.0	0	1.0	0	0	3.0	0	1.0	0	2.0	6.0	0	3.0	0	0	1.0	2.0	0	0	0	1.0	0
easier	0	0	2.0	0	0	1.0	0	0	14.0	1.0	0	0	0	7.0	0	0	0	0	4.0	0	0	0	0	0	1.0	0	0	0	0	0
easily	1.0	0	3.0	0	0	0	0	0	12.0	0	0	0	0	4.0	0	0	0	3.0	1.0	0	0	0	0	0	0	0	0	0	0	0
easy	1.0	0	8.0	1.0	0	1.0	0	0	16.0	0	0	0	0	5.0	0	0	0	2.0	2.0	0	0	0	0	0	0	1.0	0	0	1.0	0
editor	0	0	1.0	0	0	0	0	0	2.0	1.0	0	0	0	5.0	0	0	0	0	4.0	0	2.0	0	0	0	0	0	0	0	0	0
education	0	0	0	0	0	1.0	0	0	4.0	2.0	0	0	0	15.0	0	1.0	0	0	4.0	0	0	0	0	0	3.0	0	0	0	0	0
effort	0	0	3.0	0	0	0	0	0	1.0	0	0	0	0	2.0	0	0	0	3.0	1.0	0	0	0	0	1.0	2.0	0	0	0	0	0
efforts	0	0	2.0	0	0	0	0	0	2.0	0	0	0	0	1.0	0	0	0	17.0	7.0	0	0	0	0	0	1.0	0	0	0	0	0
either	0	0	1.0	0	0	0	1.0	0	12.0	0	0	0	0	2.0	0	0	0	2.0	2.0	0	2.0	0	2.0	0	1.0	0	0	0	0	1.0
else	1.0	0	11.0	0	0	0	1.0	0	7.0	0	0	0	0	2.0	0	0	0	8.0	11.0	0	0	0	0	0	0	0	0	0	1.0	0
email	0	0	9.0	1.0	1.0	0	2.0	0	9.0	0	0	0	0	2.0	0	1.0	0	3.0	3.0	0	0	0	0	0	0	0	1.0	0	0	1.0
employees	0	0	15.0	0	0	0	0	0	1.0	0	0	0	0	3.0	0	0	0	3.0	1.0	0	8.0	0	0	0	0	0	0	0	0	0
end	0	0	4.0	1.0	2.0	1.0	3.0	0	20.0	1.0	0	0	0	6.0	0	0	0	5.0	14.0	0	2.0	0	0	0	2.0	0	0	0	0	0
ended	0	0	2.0	0	0	0	0	0	16.0	0	0	0	0	0	0	0	0	3.0	2.0	0	0	0	0	0	1.0	0	1.0	0	0	0
enough	0	0	27.0	0	0	1.0	1.0	2.0	21.0	0	0	0	0	0	0	0	0	5.0	4.0	0	1.0	0	0	1.0	1.0	0	1.0	0	1.0	0
environment	0	0	4.0	0	0	0	0	0	2.0	0	0	0	0	5.0	0	0	0	2.0	0	0	1.0	0	0	0	1.0	0	0	0	1.0	0
error	0	0	2.0	3.0	0	0	0	0	4.0	0	0	0	0	0	0	0	0	0	2.0	0	0	0	0	0	0	0	0	0	0	0
even	4.0	0	16.0	4.0	0	4.0	3.0	8.0	43.0	0	0	0	0	6.0	0	0	0	18.0	53.0	0	2.0	0	2.0	0	9.0	1.0	0	0	0	1.0
event	0	0	3.0	0	0	4.0	0	1.0	4.0	0	0	0	0	0	0	0	0	28.0	1.0	0	0	0	1.0	0	11.0	0	0	0	0	0
events	0	0	2.0	1.0	0	0	0	0	2.0	0	0	0	0	6.0	0	0	0	12.0	2.0	0	0	0	0	0	8.0	0	0	0	0	0
ever	0	0	5.0	0	0	1.0	0	7.0	4.0	0	0	0	0	3.0	0	0	0	3.0	13.0	0	3.0	0	0	0	0	0	0	1.0	0	0
every	1.0	0	6.0	1.0	0	2.0	1.0	4.0	26.0	0	0	0	0	10.0	1.0	1.0	0	13.0	21.0	1.0	0	0	1.0	0	1.0	3.0	0	1.0	0	0
everyone	0	0	14.0	1.0	0	0	0	2.0	9.0	0	0	0	0	3.0	0	0	0	9.0	8.0	0	0	0	0	2.0	1.0	0	0	1.0	0	0
everything	0	0	4.0	0	0	1.0	0	0	19.0	0	0	0	1.0	3.0	0	0	0	0	6.0	1.0	0	0	2.0	0	0	0	0	0	0	1.0
example	0	0	2.0	7.0	0	0	4.0	1.0	14.0	0	0	0	0	4.0	1.0	0	0	4.0	9.0	0	0	0	0	0	3.0	0	0	0	1.0	0
expect	0	0	3.0	0	0	0	2.0	1.0	6.0	0	0	0	0	2.0	0	0	0	1.0	1.0	0	0	0	0	0	0	0	0	0	0	0
experience	0	0	1.0	0	0	2.0	0	0	17.0	0	0	0	0	18.0	0	0	0	1.0	2.0	0	0	0	0	0	0	0	0	0	1.0	0
experiences	1.0	0	0	2.0	0	0	1.0	0	5.0	0	0	0	0	6.0	1.0	0	0	0	2.0	0	0	0	0	0	0	0	0	0	0	0
face	0	0	0	0	2.0	1.0	1.0	1.0	2.0	1.0	0	0	0	2.0	0	0	0	0	12.0	0	0	0	0	0	2.0	0	0	0	0	0
facebook	0	0	1.0	0	17.0	0	0	1.0	2.0	0	0	0	0	0	0	4.0	0	10.0	6.0	0	0	0	5.0	0	0	2.0	1.0	0	0	0
fact	0	0	3.0	1.0	1.0	1.0	1.0	1.0	4.0	2.0	0	0	0	6.0	0	0	0	3.0	24.0	1.0	1.0	0	0	0	2.0	0	0	0	0	0
fake	0	0	0	0	0	1.0	0	2.0	1.0	0	0	0	0	2.0	0	0	0	0	21.0	0	0	0	0	0	3.0	0	0	0	0	0
false	0	0	0	0	0	3.0	0	0	7.0	0	0	0	0	0	0	0	0	1.0	2.0	0	0	0	0	0	4.0	0	0	0	0	0
family	0	0	2.0	0	0	3.0	0	2.0	3.0	0	1.0	0	0	4.0	0	0	0	0	30.0	0	1.0	0	0	0	1.0	0	0	0	0	0
far	0	0	2.0	0	0	2.0	0	0	5.0	3.0	0	0	0	0	0	0	0	1.0	16.0	0	0	0	1.0	0	3.0	0	0	0	0	0
fashion	0	0	0	3.0	0	1.0	0	0	0	0	0	0	0	2.0	0	0	0	0	2.0	0	0	0	0	0	0	3.0	0	0	0	1.0
favorite	0	0	0	2.0	0	1.0	2.0	0	6.0	0	0	0	0	6.0	0	0	0	2.0	3.0	0	0	0	0	0	0	0	1.0	0	1.0	0
feature	2.0	0	0	11.0	1.0	2.0	0	0	8.0	0	0	0	0	2.0	1.0	0	0	0	3.0	0	0	0	0	0	0	0	0	0	0	0
features	0	0	3.0	4.0	1.0	1.0	0	0	9.0	0	0	0	0	0	0	0	0	0	2.0	0	2.0	0	1.0	0	0	0	0	0	0	0
feed	0	0	2.0	0	2.0	0	0	0	40.0	0	0	0	0	1.0	0	0	0	3.0	4.0	1.0	0	0	0	0	0	0	1.0	0	0	0
feel	1.0	0	10.0	1.0	0	0	0	1.0	21.0	0	0	0	0	10.0	1.0	0	0	2.0	15.0	0	0	0	0	0	0	1.0	0	0	0	0
feeling	0	0	4.0	3.0	0	1.0	0	0	4.0	0	0	0	0	1.0	1.0	0	0	0	8.0	0	0	0	0	0	0	0	0	0	0	0
few	1.0	0	5.0	1.0	0	4.0	0	3.0	64.0	0	0	0	0	7.0	1.0	1.0	0	22.0	8.0	0	1.0	0	0	0	2.0	2.0	1.0	0	0	1.0
figure	0	0	6.0	0	1.0	0	0	1.0	7.0	0	0	0	0	1.0	0	0	0	3.0	7.0	0	1.0	0	1.0	0	0	0	0	0	1.0	0
file	0	0	4.0	4.0	0	5.0	0	0	26.0	0	0	0	0	0	0	0	0	0	8.0	0	0	0	0	0	0	0	0	0	0	0
find	2.0	0	10.0	1.0	0	3.0	2.0	1.0	31.0	1.0	1.0	0	0	10.0	0	0	0	9.0	10.0	0	0	0	1.0	0	1.0	3.0	0	0	0	1.0
finding	0	0	2.0	0	0	1.0	1.0	0	8.0	0	0	0	0	0	0	0	0	2.0	2.0	1.0	1.0	0	0	0	0	0	0	0	0	0
five	3.0	0	0	0	5.0	0	1.0	2.0	1.0	0	0	0	0	4.0	0	1.0	0	0	10.0	0	1.0	0	0	0	1.0	0	0	0	1.0	0
focus	0	0	3.0	0	0	1.0	0	0	3.0	0	0	0	0	2.0	1.0	0	0	2.0	6.0	0	0	0	0	1.0	2.0	0	0	0	0	0
focused	0	0	0	0	0	1.0	0	0	5.0	0	0	0	0	2.0	0	0	0	4.0	8.0	0	0	0	0	0	1.0	0	0	0	0	0
follow	0	0	6.0	0	0	0	1.0	0	5.0	0	0	0	0	10.0	0	0	0	17.0	5.0	0	0	0	0	1.0	0	0	0	0	0	1.0
following	0	0	0	0	0	1.0	2.0	0	3.0	0	0	0	0	3.0	0	0	0	23.0	9.0	0	0	0	0	0	3.0	0	0	0	0	0
forward	0	0	3.0	1.0	0	0	1.0	0	9.0	0	0	0	0	4.0	0	0	0	2.0	4.0	0	0	0	0	0	1.0	0	0	0	0	0
found	0	0	7.0	3.0	3.0	1.0	1.0	0	21.0	0	0	0	0	3.0	0	1.0	0	12.0	13.0	1.0	1.0	0	0	0	4.0	1.0	0	0	0	1.0
four	0	0	3.0	0	0	0	0	0	4.0	1.0	1.0	0	0	5.0	0	0	0	5.0	8.0	1.0	0	1.0	0	0	4.0	0	0	0	1.0	0
free	2.0	0	6.0	1.0	0	2.0	0	0	7.0	1.0	0	0	0	3.0	0	0	0	5.0	29.0	1.0	6.0	0	0	0	2.0	0	0	0	0	0
friends	1.0	0	3.0	0	0	2.0	1.0	3.0	8.0	0	1.0	0	0	5.0	0	0	0	11.0	8.0	0	0	0	2.0	0	0	0	0	0	1.0	0
full	2.0	0	5.0	2.0	0	1.0	0	0	12.0	0	0	0	10.0	2.0	0	0	0	3.0	13.0	0	0	0	0	0	0	0	1.0	0	0	0
fun	1.0	0	2.0	0	0	1.0	0	0	6.0	0	1.0	0	0	5.0	0	0	0	2.0	6.0	0	0	0	0	0	0	0	0	0	0	0
further	0	0	4.0	0	0	0	0	0	4.0	1.0	0	0	0	1.0	0	0	0	1.0	8.0	0	3.0	0	0	0	0	0	0	0	0	0
future	1.0	0	2.0	0	0	6.0	0	1.0	11.0	1.0	0	0	0	9.0	0	0	0	1.0	5.0	1.0	1.0	0	3.0	0	1.0	0	0	0	0	0
game	1.0	0	0	2.0	0	9.0	0	3.0	5.0	0	0	0	0	3.0	0	0	0	1.0	8.0	0	0	0	0	0	1.0	0	0	0	0	1.0
gave	1.0	0	4.0	0	0	1.0	1.0	0	3.0	1.0	0	0	0	7.0	0	0	0	0	8.0	0	1.0	0	0	0	0	0	0	0	0	0
general	1.0	0	3.0	0	0	1.0	0	0	4.0	0	0	0	0	1.0	0	0	0	2.0	12.0	0	1.0	0	0	0	0	0	0	0	0	0
generation	0	0	0	0	0	0	1.0	0	3.0	3.0	0	0	0	3.0	0	0	0	0	0	0	2.0	0	0	0	0	0	0	0	0	0
get	4.0	0	33.0	15.0	2.0	8.0	2.0	7.0	127.0	1.0	1.0	0	0	18.0	0	0	0	22.0	50.0	0	3.0	0	1.0	1.0	10.0	0	0	0	0	1.0
getting	0	1.0	10.0	0	0	3.0	0	1.0	30.0	3.0	0	0	0	3.0	0	0	0	6.0	11.0	0	1.0	0	0	1.0	1.0	0	1.0	0	0	0
give	0	0	5.0	0	2.0	1.0	0	0	12.0	0	0	0	0	4.0	1.0	0	0	10.0	11.0	0	2.0	0	0	1.0	3.0	0	0	0	0	0
given	0	0	2.0	0	1.0	1.0	0	0	3.0	0	0	0	0	2.0	0	0	0	2.0	6.0	0	1.0	0	1.0	0	2.0	0	0	0	0	0
goes	1.0	0	3.0	0	1.0	1.0	0	0	7.0	0	0	0	0	1.0	0	0	0	3.0	9.0	0	0	0	1.0	1.0	0	1.0	0	0	0	0
going	2.0	0	18.0	1.0	1.0	5.0	2.0	1.0	39.0	3.0	0	0	0	1.0	2.0	0	0	11.0	76.0	0	4.0	0	3.0	0	5.0	0	1.0	0	0	0
good	0	0	7.0	0	0	0	0	1.0	31.0	1.0	0	0	0	1.0	1.0	0	0	16.0	25.0	0	0	1.0	1.0	2.0	0	1.0	0	0	1.0	0
google	23.0	0	1.0	93.0	2.0	4.0	0	0	75.0	0	0	0	0	93.0	0	0	0	0	1.0	0	0	0	10.0	0	0	1.0	0	1.0	0	8.0
got	0	0	21.0	0	0	1.0	0	5.0	26.0	0	0	0	0	2.0	0	1.0	0	9.0	26.0	0	0	0	2.0	0	1.0	0	2.0	0	0	0
government	0	1.0	0	0	0	1.0	0	4.0	0	0	0	0	0	1.0	0	0	0	0	35.0	0	3.0	0	0	0	7.0	1.0	0	0	0	0
great	0	0	7.0	1.0	0	1.0	0	1.0	25.0	0	0	0	1.0	5.0	1.0	2.0	1.0	13.0	7.0	0	2.0	0	1.0	1.0	1.0	1.0	0	1.0	0	0
ground	0	0	2.0	0	0	0	1.0	0	2.0	0	0	0	0	0	0	0	0	0	2.0	0	1.0	0	0	0	2.0	0	0	0	0	0
group	7.0	1.0	2.0	0	0	1.0	0	0	9.0	0	0	0	0	4.0	0	1.0	0	5.0	8.0	0	4.0	0	0	0	4.0	0	0	0	0	0
grow	0	0	2.0	0	0	1.0	0	0	3.0	0	0	0	0	1.0	0	0	0	2.0	4.0	0	0	0	0	0	0	0	0	0	0	0
guess	0	0	0	0	0	0	0	3.0	2.0	0	0	0	0	0	0	0	0	2.0	7.0	0	0	0	0	1.0	0	0	0	0	0	0
guy	0	0	2.0	0	0	0	0	1.0	0	0	0	0	0	0	0	0	0	0	14.0	0	0	0	2.0	0	0	0	0	0	11.0	0
hand	1.0	0	5.0	0	0	1.0	0	1.0	8.0	0	0	0	0	1.0	0	0	0	1.0	3.0	0	0	0	0	0	0	0	2.0	0	0	0
happen	0	0	3.0	1.0	0	1.0	0	1.0	2.0	0	0	0	0	1.0	0	0	0	3.0	5.0	0	0	0	0	0	2.0	1.0	0	0	0	0
happened	0	0	4.0	0	0	1.0	0	0	3.0	0	0	0	0	0	0	0	0	4.0	7.0	0	0	0	0	0	0	0	1.0	0	0	0
happening	0	0	0	0	0	0	0	0	5.0	0	0	0	0	2.0	0	0	0	3.0	5.0	0	0	0	1.0	0	0	0	0	0	0	0
happens	2.0	0	4.0	0	0	1.0	0	1.0	6.0	0	0	0	0	0	0	0	0	2.0	4.0	0	0	0	0	0	0	0	0	0	0	0
hard	0	0	7.0	0	1.0	1.0	1.0	1.0	18.0	0	1.0	0	0	2.0	0	0	0	1.0	7.0	0	2.0	1.0	0	0	1.0	0	0	0	0	0
haven	0	0	2.0	1.0	0	0	0	0	3.0	0	0	0	0	0	0	0	0	3.0	6.0	0	0	0	0	0	0	0	0	0	1.0	0
having	0	0	6.0	0	0	1.0	0	2.0	29.0	1.0	0	0	0	2.0	0	0	0	3.0	13.0	0	3.0	0	0	0	2.0	0	0	0	0	0
health	0	0	0	0	0	0	0	2.0	0	2.0	0	0	0	2.0	0	0	0	0	48.0	0	1.0	0	0	0	10.0	1.0	0	0	0	0
hear	1.0	0	6.0	0	0	0	0	0	1.0	0	0	0	0	2.0	0	0	0	3.0	6.0	0	0	0	0	0	1.0	0	0	0	0	0
heard	0	0	3.0	0	0	0	0	0	7.0	1.0	0	0	0	1.0	0	0	0	1.0	5.0	0	0	0	0	0	1.0	2.0	0	0	1.0	0
heart	0	0	1.0	1.0	0	1.0	1.0	0	2.0	0	0	0	0	2.0	0	0	0	3.0	2.0	0	0	0	0	0	1.0	0	0	0	0	0
help	0	0	12.0	1.0	0	4.0	0	0	15.0	0	1.0	0	0	30.0	0	0	0	11.0	12.0	0	2.0	0	0	0	0	1.0	0	0	2.0	0
helped	0	0	0	0	0	0	0	0	4.0	0	0	0	0	4.0	0	0	0	2.0	2.0	0	0	0	1.0	0	0	0	0	0	0	0
her	0	0	9.0	0	0	12.0	1.0	2.0	3.0	0	0	0	3.0	30.0	0	3.0	0	5.0	74.0	0	8.0	0	0	0	8.0	3.0	0	0	0	0
here	2.0	0	22.0	7.0	2.0	7.0	2.0	6.0	38.0	2.0	1.0	0	1.0	7.0	1.0	0	0	26.0	69.0	0	0	1.0	10.0	0	1.0	0	0	0	1.0	5.0
high	0	0	2.0	4.0	0	4.0	1.0	1.0	13.0	1.0	0	0	0	9.0	0	0	0	1.0	10.0	1.0	0	0	0	0	2.0	0	0	0	0	0
him	0	0	15.0	0	0	4.0	0	0	3.0	0	0	0	0	5.0	0	1.0	0	3.0	65.0	0	0	0	0	1.0	7.0	1.0	0	0	3.0	0
himself	0	0	0	0	0	3.0	0	2.0	1.0	0	0	0	0	0	0	0	0	0	9.0	0	1.0	0	0	0	2.0	0	0	0	0	0
hit	0	0	3.0	0	0	0	0	0	9.0	0	0	0	0	1.0	0	0	0	2.0	18.0	0	0	0	0	0	0	0	0	0	0	0
hold	0	0	2.0	0	0	0	0	0	8.0	0	0	0	0	0	0	0	0	0	4.0	0	0	0	0	0	2.0	0	0	0	0	0
home	1.0	1.0	3.0	5.0	0	1.0	1.0	0	19.0	0	0	0	0	6.0	0	1.0	0	1.0	4.0	0	1.0	0	0	0	6.0	1.0	1.0	1.0	0	0
hope	0	0	2.0	1.0	0	1.0	4.0	0	1.0	0	1.0	0	0	7.0	0	0	0	2.0	7.0	0	0	0	0	1.0	1.0	0	0	0	0	0
hour	0	0	0	0	0	0	0	0	5.0	0	0	0	0	2.0	0	1.0	0	4.0	11.0	0	3.0	0	0	0	0	0	2.0	0	0	0
house	0	0	0	0	0	0	2.0	3.0	11.0	4.0	0	0	0	0	0	0	0	0	65.0	0	0	0	0	0	16.0	0	0	0	0	0
http	0	0	0	0	0	2.0	0	0	6.0	0	0	0	0	0	0	0	0	24.0	2.0	0	0	0	3.0	0	0	1.0	0	0	0	0
https	0	0	2.0	0	0	8.0	0	2.0	5.0	0	0	0	0	0	0	0	0	0	6.0	0	0	0	2.0	0	6.0	0	0	0	0	0
human	0	0	1.0	0	0	2.0	0	2.0	0	0	0	0	0	2.0	0	0	0	1.0	4.0	0	1.0	0	0	0	1.0	1.0	0	0	0	0
idea	1.0	0	6.0	0	0	0	3.0	3.0	8.0	0	0	0	0	4.0	1.0	1.0	0	14.0	10.0	0	2.0	0	0	0	2.0	0	0	0	0	0
ideas	0	0	2.0	0	0	1.0	1.0	1.0	6.0	0	0	0	0	4.0	0	0	0	6.0	1.0	1.0	0	0	0	0	0	0	0	0	0	0
immediately	0	0	0	0	0	1.0	0	0	7.0	0	0	0	0	2.0	0	0	0	1.0	2.0	0	1.0	0	0	0	3.0	0	0	0	0	0
impact	0	0	2.0	0	0	0	0	0	2.0	2.0	0	0	0	11.0	0	0	0	0	8.0	0	0	0	0	0	1.0	0	0	0	0	0
important	0	0	10.0	2.0	1.0	2.0	0	1.0	7.0	2.0	0	0	0	13.0	1.0	0	0	4.0	59.0	0	0	0	0	0	7.0	0	0	0	1.0	0
include	0	0	0	1.0	0	0	0	0	5.0	0	1.0	0	0	3.0	0	0	0	3.0	12.0	0	1.0	0	0	0	2.0	0	0	0	0	0
including	0	0	0	4.0	0	0	1.0	1.0	10.0	0	0	0	0	8.0	0	0	0	1.0	10.0	0	6.0	0	0	0	5.0	0	0	0	0	0
increase	0	0	0	0	0	0	0	0	3.0	0	0	0	0	1.0	0	0	0	0	10.0	0	2.0	0	0	0	2.0	0	0	0	0	0
individual	1.0	0	1.0	0	0	0	0	1.0	2.0	0	0	0	0	2.0	0	0	0	2.0	4.0	0	0	0	0	0	1.0	0	0	0	0	0
industry	0	0	2.0	0	0	0	0	0	1.0	0	0	0	0	3.0	0	0	0	6.0	4.0	0	0	0	0	0	0	0	0	0	0	0
information	0	0	2.0	1.0	0	0	0	0	2.0	0	0	0	0	11.0	0	0	0	6.0	9.0	0	2.0	0	0	0	1.0	0	0	0	0	0
innovation	0	0	0	0	0	0	0	0	2.0	3.0	0	0	0	3.0	0	0	0	0	0	0	0	0	2.0	0	0	0	0	0	0	0
instead	0	0	4.0	0	0	2.0	0	0	25.0	0	0	0	0	1.0	0	0	0	5.0	21.0	0	0	0	0	0	5.0	0	1.0	0	0	0
intelligence	0	0	0	0	0	3.0	0	0	0	0	0	0	0	1.0	0	2.0	0	0	26.0	1.0	2.0	0	0	0	0	0	0	1.0	0	0
interest	1.0	0	4.0	0	0	1.0	0	0	2.0	0	0	0	0	7.0	0	0	0	2.0	4.0	0	0	0	0	0	0	0	0	0	1.0	0
interested	1.0	0	2.0	0	0	0	0	1.0	3.0	1.0	0	0	0	2.0	0	1.0	0	2.0	2.0	0	0	0	0	0	0	0	0	0	0	0
interesting	0	0	5.0	3.0	0	0	0	0	9.0	0	0	0	0	3.0	0	0	0	4.0	3.0	1.0	0	1.0	2.0	0	0	1.0	0	0	0	0
internet	0	0	1.0	1.0	4.0	1.0	1.0	2.0	5.0	0	0	0	0	3.0	0	1.0	0	0	3.0	0	0	0	0	0	0	0	0	0	0	0
into	3.0	0	17.0	2.0	0	7.0	1.0	3.0	65.0	3.0	0	0	0	24.0	0	0	0	10.0	37.0	1.0	4.0	0	2.0	0	5.0	1.0	0	0	1.0	0
introduced	0	0	2.0	0	0	0	0	0	1.0	0	0	0	0	6.0	0	0	0	0	3.0	0	0	0	0	0	4.0	0	0	0	0	0
ios	0	0	12.0	3.0	0	2.0	0	0	30.0	0	0	0	0	1.0	0	0	0	0	0	0	0	0	0	0	0	0	0	0	0	0
isn	1.0	0	13.0	0	0	0	1.0	8.0	3.0	2.0	0	0	0	3.0	0	0	0	7.0	14.0	0	0	0	0	0	0	1.0	0	0	0	5.0
issues	0	0	1.0	0	0	1.0	0	1.0	18.0	1.0	0	0	0	0	1.0	0	0	2.0	13.0	0	0	0	0	0	2.0	0	0	0	0	0
items	0	0	3.0	0	0	0	0	0	6.0	0	0	0	0	2.0	0	0	0	0	50.0	0	2.0	0	0	0	0	0	0	0	1.0	0
its	1.0	0	8.0	3.0	1.0	2.0	0	2.0	13.0	2.0	0	0	0	12.0	1.0	0	0	12.0	39.0	0	10.0	0	4.0	0	5.0	1.0	0	0	0	1.0
itself	0	0	2.0	0	0	0	1.0	0	8.0	1.0	0	0	0	0	0	0	0	7.0	3.0	0	0	0	0	0	0	0	0	0	0	0
job	0	0	4.0	0	0	3.0	1.0	3.0	7.0	1.0	0	0	0	0	0	0	0	1.0	22.0	0	2.0	0	0	0	0	0	0	0	1.0	0
jobs	0	0	3.0	0	0	1.0	0	0	2.0	0	0	0	0	0	0	0	0	1.0	13.0	0	0	0	0	0	2.0	0	0	0	0	0
john	0	0	0	0	20.0	3.0	1.0	0	0	2.0	4.0	0	0	1.0	0	1.0	0	1.0	10.0	0	1.0	0	0	0	11.0	1.0	0	0	0	0
join	2.0	0	0	1.0	0	1.0	0	0	0	0	1.0	0	0	3.0	0	3.0	0	14.0	2.0	0	0	0	2.0	0	0	0	0	0	0	0
july	0	0	0	0	0	7.0	0	4.0	1.0	1.0	0	0	0	9.0	0	0	0	1.0	15.0	0	1.0	0	0	0	10.0	0	0	0	0	0
june	0	0	0	1.0	0	2.0	0	1.0	1.0	0	0	0	0	0	0	0	0	2.0	36.0	0	2.0	0	0	0	3.0	2.0	0	0	0	0
keep	0	0	9.0	1.0	0	1.0	1.0	0	21.0	0	0	0	0	1.0	0	0	0	3.0	13.0	0	0	0	0	0	2.0	0	0	0	0	0
key	0	0	1.0	0	0	1.0	1.0	0	6.0	0	0	0	0	7.0	2.0	0	0	5.0	5.0	0	3.0	0	0	0	2.0	0	0	0	0	0
kind	0	0	4.0	0	2.0	0	0	0	5.0	0	0	0	0	0	1.0	0	0	0	35.0	0	0	0	1.0	0	0	1.0	0	0	0	0
knew	0	0	5.0	0	0	1.0	1.0	0	2.0	0	0	0	0	2.0	0	0	0	3.0	1.0	0	0	1.0	0	0	0	0	0	0	1.0	0
know	2.0	0	16.0	4.0	1.0	9.0	5.0	3.0	27.0	0	0	0	0	5.0	0	1.0	0	18.0	51.0	0	1.0	0	1.0	2.0	0	0	0	1.0	0	0
knows	2.0	0	3.0	0	0	1.0	0	1.0	0	0	0	0	0	0	0	0	0	2.0	4.0	0	0	0	0	0	0	0	0	0	0	0
land	0	0	0	2.0	0	0	0	0	2.0	0	0	0	0	3.0	0	0	0	0	0	0	2.0	0	0	0	0	0	0	0	1.0	0
language	0	1.0	1.0	3.0	0	4.0	1.0	0	1.0	0	0	0	0	5.0	0	0	0	0	13.0	1.0	0	0	0	0	0	0	0	0	0	0
large	0	0	1.0	0	1.0	0	0	0	8.0	0	1.0	0	0	1.0	0	0	0	3.0	3.0	0	4.0	0	0	0	0	0	0	0	0	0
last	0	0	9.0	1.0	0	8.0	3.0	0	41.0	1.0	1.0	0	0	9.0	1.0	2.0	0	14.0	28.0	0	8.0	0	2.0	1.0	4.0	0	4.0	0	0	0
later	2.0	0	3.0	1.0	0	1.0	0	1.0	18.0	0	0	0	0	4.0	0	0	0	4.0	18.0	0	4.0	0	0	0	4.0	0	0	0	0	0
latest	0	0	1.0	2.0	0	0	1.0	0	4.0	0	0	0	0	4.0	0	0	0	1.0	12.0	0	2.0	0	2.0	0	3.0	0	0	0	0	0
launched	1.0	0	0	2.0	0	0	0	0	6.0	0	0	0	0	3.0	0	0	0	3.0	1.0	0	0	0	0	0	0	0	0	0	0	0
lead	0	0	1.0	0	2.0	1.0	0	0	2.0	0	0	0	0	1.0	0	0	0	2.0	4.0	0	0	0	0	0	0	0	0	0	0	0
leaders	0	0	1.0	0	0	0	0	2.0	0	0	0	0	0	3.0	0	0	0	1.0	18.0	0	0	0	0	1.0	4.0	0	0	0	0	0
learn	0	0	6.0	0	0	0	0	0	11.0	0	0	0	0	25.0	1.0	0	0	7.0	0	0	0	0	0	0	0	0	0	0	0	0
learned	0	0	3.0	0	1.0	0	0	0	7.0	0	0	0	0	1.0	0	0	0	5.0	2.0	0	0	0	0	0	0	0	0	0	0	0
learning	0	0	2.0	2.0	0	2.0	0	0	3.0	0	0	0	0	8.0	1.0	1.0	0	2.0	0	1.0	0	0	1.0	0	0	0	0	0	0	0
least	0	0	3.0	0	0	2.0	2.0	1.0	9.0	0	0	0	0	0	1.0	0	0	6.0	16.0	0	0	0	1.0	0	2.0	0	0	0	0	0
leave	1.0	0	0	0	0	0	1.0	0	4.0	0	0	0	0	2.0	1.0	0	0	4.0	3.0	0	0	0	0	0	4.0	0	0	0	1.0	0
leaving	0	0	0	0	0	0	2.0	0	1.0	0	0	0	1.0	1.0	0	0	0	3.0	4.0	0	0	0	2.0	0	1.0	0	0	0	0	0
left	1.0	0	3.0	2.0	0	4.0	0	0	8.0	2.0	0	0	0	7.0	0	0	0	9.0	39.0	0	0	0	0	0	7.0	1.0	2.0	0	1.0	0
less	1.0	0	3.0	0	0	0	1.0	1.0	14.0	0	0	0	0	5.0	1.0	0	0	5.0	17.0	0	1.0	0	0	0	1.0	0	1.0	0	0	0
let	2.0	1.0	3.0	1.0	2.0	7.0	0	1.0	26.0	0	0	0	0	7.0	0	0	0	10.0	25.0	0	0	0	0	1.0	0	0	2.0	0	0	1.0
level	0	0	0	1.0	0	1.0	0	2.0	9.0	0	0	0	0	2.0	0	0	0	5.0	4.0	0	0	0	0	0	1.0	1.0	0	0	0	0
life	0	0	6.0	2.0	0	4.0	1.0	1.0	19.0	0	0	0	0	8.0	0	0	0	2.0	42.0	0	0	0	0	0	1.0	1.0	0	0	0	0
light	0	1.0	3.0	2.0	0	0	0	0	7.0	0	0	0	0	3.0	0	0	0	0	5.0	1.0	0	0	0	0	0	1.0	0	0	0	0
likely	1.0	0	1.0	0	0	1.0	2.0	1.0	7.0	0	0	0	0	1.0	0	0	0	7.0	5.0	0	1.0	0	0	0	1.0	0	0	0	0	0
limit	2.0	0	0	2.0	1.0	0	0	0	7.0	0	0	0	0	0	0	0	0	0	3.0	0	0	0	0	0	0	0	0	0	0	0
line	0	1.0	0	1.0	0	2.0	0	1.0	27.0	0	0	0	0	0	0	0	0	2.0	9.0	0	2.0	0	3.0	0	2.0	0	1.0	0	0	0
link	1.0	0	0	2.0	0	0	0	0	7.0	0	0	0	0	0	0	0	0	20.0	0	0	0	1.0	0	0	0	2.0	0	0	0	0
list	1.0	0	0	7.0	0	2.0	0	0	14.0	0	0	0	0	4.0	0	0	0	12.0	7.0	0	2.0	0	0	1.0	0	1.0	0	0	2.0	1.0
listed	0	0	0	2.0	0	1.0	0	0	4.0	0	0	0	0	2.0	0	0	0	1.0	6.0	0	0	0	0	0	0	0	0	0	0	0
little	0	0	8.0	1.0	0	4.0	2.0	1.0	6.0	0	0	0	0	5.0	0	0	0	3.0	16.0	0	0	0	0	0	3.0	0	0	0	0	0
live	1.0	0	0	2.0	0	2.0	1.0	3.0	9.0	2.0	1.0	0	0	1.0	0	4.0	0	3.0	30.0	0	0	0	0	0	1.0	0	0	0	0	0
lives	0	0	3.0	0	0	1.0	0	0	5.0	1.0	0	0	0	3.0	0	0	0	0	11.0	0	0	0	0	0	1.0	0	0	0	0	0
living	1.0	0	1.0	2.0	0	0	0	0	6.0	0	0	0	0	6.0	0	0	0	0	2.0	0	0	0	0	0	1.0	0	0	0	0	0
local	0	0	1.0	2.0	0	2.0	0	4.0	7.0	0	0	0	0	12.0	0	0	0	0	2.0	0	2.0	0	0	1.0	0	0	0	0	0	0
long	1.0	0	4.0	5.0	0	1.0	5.0	0	19.0	1.0	0	0	0	4.0	0	0	0	8.0	12.0	0	4.0	0	0	0	2.0	0	1.0	0	0	0
longer	1.0	0	2.0	4.0	0	0	0	0	13.0	1.0	0	0	0	0	0	0	0	2.0	1.0	0	0	0	0	0	0	0	0	0	0	0
look	1.0	0	10.0	3.0	0	4.0	3.0	0	51.0	0	0	0	0	14.0	0	0	0	1.0	38.0	0	2.0	0	1.0	0	1.0	0	1.0	0	0	0
looking	0	0	5.0	0	0	1.0	2.0	1.0	11.0	1.0	0	0	0	4.0	0	0	0	9.0	8.0	0	0	0	2.0	0	2.0	1.0	0	0	0	0
looks	0	0	7.0	3.0	0	2.0	0	0	2.0	0	0	0	0	0	0	0	0	1.0	7.0	0	0	0	0	0	0	0	0	0	1.0	0
lose	0	0	0	0	0	0	0	0	2.0	1.0	0	0	0	0	0	0	0	3.0	3.0	0	0	0	0	0	4.0	0	0	1.0	0	0
lot	0	0	6.0	1.0	1.0	1.0	0	5.0	9.0	2.0	0	0	0	3.0	0	0	0	14.0	20.0	0	2.0	0	0	1.0	0	2.0	0	1.0	0	0
lots	0	0	3.0	0	0	0	0	2.0	14.0	1.0	0	0	0	3.0	0	0	0	0	0	0	0	0	1.0	0	0	0	0	0	0	0
love	2.0	0	2.0	0	1.0	2.0	7.0	1.0	9.0	1.0	0	0	0	2.0	1.0	0	0	4.0	7.0	0	0	0	0	0	0	0	0	0	0	0
low	0	0	1.0	1.0	0	0	1.0	0	9.0	0	0	0	0	0	0	0	0	0	8.0	0	3.0	0	2.0	0	0	0	0	0	0	0
made	2.0	1.0	9.0	0	1.0	2.0	2.0	1.0	20.0	2.0	0	0	0	8.0	0	0	0	7.0	34.0	0	3.0	0	0	1.0	5.0	0	1.0	0	0	0
make	3.0	0	12.0	2.0	1.0	3.0	2.0	6.0	42.0	1.0	0	0	0	18.0	1.0	0	1.0	19.0	37.0	0	0	0	2.0	1.0	2.0	1.0	1.0	0	0	0
makes	1.0	0	2.0	2.0	2.0	3.0	0	0	11.0	1.0	0	0	0	5.0	0	0	0	3.0	12.0	1.0	1.0	0	0	0	0	0	1.0	0	0	0
making	0	0	8.0	0	2.0	0	0	1.0	14.0	2.0	0	0	0	9.0	1.0	0	0	4.0	14.0	1.0	1.0	1.0	0	0	3.0	0	0	0	0	0
management	0	0	2.0	0	0	0	0	0	4.0	0	0	0	0	3.0	0	0	0	0	2.0	0	0	0	0	0	0	0	0	1.0	0	0
many	0	0	10.0	4.0	1.0	6.0	3.0	1.0	23.0	0	0	0	0	6.0	0	3.0	0	23.0	45.0	2.0	3.0	0	1.0	0	5.0	0	0	1.0	1.0	2.0
market	1.0	0	11.0	0	0	1.0	0	0	2.0	0	0	0	0	0	0	0	0	0	4.0	0	3.0	0	0	2.0	1.0	0	0	1.0	0	0
matter	1.0	0	2.0	0	0	0	0	0	2.0	0	0	0	0	2.0	0	0	0	2.0	13.0	0	0	0	0	0	0	2.0	0	0	1.0	0
may	1.0	0	6.0	1.0	0	6.0	1.0	2.0	19.0	1.0	0	0	0	4.0	0	0	0	12.0	22.0	0	4.0	0	0	0	4.0	1.0	0	0	1.0	0
maybe	1.0	0	5.0	0	0	0	1.0	0	3.0	0	0	0	0	0	0	0	0	4.0	8.0	0	0	0	0	0	0	0	0	0	0	0
mdash	0	0	0	0	0	0	0	3.0	76.0	0	0	0	0	0	0	0	0	0	56.0	0	0	0	0	0	4.0	0	0	0	0	0
mean	0	0	2.0	0	0	2.0	0	3.0	3.0	0	0	0	0	1.0	0	0	0	8.0	20.0	0	0	0	0	1.0	1.0	0	0	0	0	0
means	0	0	3.0	1.0	0	1.0	0	0	8.0	0	0	0	0	6.0	0	0	0	7.0	11.0	0	1.0	0	0	0	1.0	0	0	0	0	0
meant	0	0	2.0	0	0	2.0	0	0	4.0	0	1.0	0	0	0	0	0	0	3.0	9.0	0	0	0	0	0	1.0	0	0	0	0	0
measures	0	0	0	0	0	0	0	0	2.0	0	0	0	0	2.0	0	0	0	0	3.0	0	3.0	0	0	0	1.0	0	0	0	0	0
media	0	0	3.0	0	7.0	2.0	0	1.0	9.0	4.0	0	0	0	10.0	0	5.0	0	111.0	93.0	0	0	0	2.0	0	17.0	3.0	0	0	1.0	0
medium	0	0	12.0	0	2.0	0	0	0	2.0	0	0	0	0	4.0	0	0	0	0	0	0	0	0	0	0	15.0	0	0	0	0	0
meet	0	0	3.0	1.0	0	0	0	0	1.0	0	0	0	1.0	1.0	0	0	0	6.0	7.0	0	1.0	0	4.0	0	2.0	3.0	1.0	0	0	0
meeting	0	0	2.0	0	0	0	0	1.0	4.0	0	0	0	0	0	0	0	0	0	2.0	0	0	0	0	2.0	3.0	0	0	0	0	0
members	1.0	0	0	0	0	0	0	0	1.0	1.0	0	0	0	2.0	0	0	0	5.0	7.0	0	0	0	0	0	2.0	0	0	0	0	0
mentioned	0	0	3.0	1.0	0	0	0	0	12.0	1.0	0	0	0	1.0	0	0	0	0	7.0	0	0	0	0	0	3.0	0	1.0	0	0	0
message	0	0	0	5.0	0	0	0	0	4.0	0	0	0	0	1.0	0	0	0	1.0	6.0	0	0	0	0	0	2.0	0	1.0	0	0	0
might	0	0	5.0	0	0	6.0	1.0	1.0	24.0	1.0	0	0	0	1.0	1.0	0	1.0	7.0	11.0	0	0	0	4.0	2.0	0	1.0	0	0	0	0
million	0	0	2.0	0	0	0	1.0	1.0	4.0	1.0	0	0	0	3.0	0	0	0	0	21.0	0	1.0	0	0	1.0	7.0	0	0	0	0	0
minutes	0	0	0	0	0	1.0	0	0	18.0	0	0	0	0	2.0	0	1.0	0	1.0	16.0	0	2.0	1.0	0	0	0	0	0	0	0	0
moment	0	0	1.0	0	0	1.0	3.0	0	6.0	1.0	0	0	0	2.0	0	0	0	0	11.0	0	0	0	0	0	0	0	0	0	0	0
money	0	0	3.0	0	0	1.0	1.0	1.0	3.0	2.0	0	0	0	0	0	0	0	3.0	12.0	0	0	0	1.0	0	2.0	0	0	0	2.0	0
month	0	0	1.0	1.0	0	0	0	1.0	22.0	2.0	1.0	0	0	5.0	0	0	0	1.0	2.0	1.0	0	0	0	0	4.0	0	0	0	0	0
months	0	0	3.0	0	0	0	0	1.0	13.0	0	0	0	0	5.0	0	0	0	5.0	5.0	0	0	0	0	0	2.0	0	0	0	0	0
morning	0	0	0	0	0	1.0	2.0	0	3.0	3.0	2.0	0	0	1.0	1.0	0	0	0	43.0	0	1.0	0	0	0	2.0	0	0	0	0	0
move	0	0	3.0	1.0	0	0	0	0	4.0	1.0	0	0	0	0	0	0	0	2.0	10.0	0	1.0	0	0	0	1.0	2.0	0	0	0	0
much	4.0	0	21.0	2.0	0	1.0	2.0	4.0	96.0	1.0	0	0	0	4.0	1.0	0	0	8.0	25.0	0	1.0	0	3.0	0	3.0	0	0	0	0	0
music	0	0	4.0	0	0	0	0	0	10.0	0	0	0	0	5.0	0	0	0	5.0	2.0	2.0	0	0	1.0	0	0	0	0	0	0	0
must	0	0	1.0	1.0	4.0	0	0	1.0	9.0	0	0	0	0	0	0	0	0	3.0	13.0	0	0	0	0	0	1.0	0	0	0	1.0	0
myself	0	0	3.0	0	1.0	0	1.0	0	10.0	0	0	0	0	2.0	0	0	0	3.0	0	0	0	0	0	0	0	0	0	0	0	0
name	2.0	0	5.0	2.0	0	0	0	0	14.0	1.0	0	0	0	7.0	0	0	0	9.0	68.0	0	1.0	0	0	0	0	0	0	0	0	0
names	0	0	0	0	0	0	0	1.0	2.0	0	0	0	0	2.0	0	0	0	2.0	2.0	0	0	0	0	0	0	0	0	0	0	0
nbsp	0	0	0	11.0	0	0	0	1.0	6.0	0	0	0	0	0	0	0	0	0	236.0	0	0	0	0	10.0	0	0	0	0	1.0	0
need	2.0	0	15.0	2.0	0	2.0	0	2.0	64.0	0	0	0	0	6.0	0	0	0	8.0	22.0	0	1.0	0	2.0	0	5.0	3.0	0	0	0	1.0
needed	0	0	3.0	0	0	1.0	0	1.0	23.0	0	0	0	0	1.0	0	0	0	2.0	2.0	0	1.0	0	0	0	2.0	0	0	0	0	0
network	0	0	0	3.0	0	0	0	0	37.0	0	0	0	0	0	0	0	0	6.0	15.0	0	1.0	0	0	0	0	0	0	1.0	0	0
never	1.0	0	9.0	2.0	0	0	2.0	4.0	16.0	1.0	0	0	0	1.0	0	0	1.0	10.0	27.0	0	1.0	0	0	0	2.0	1.0	0	0	0	0
news	1.0	0	0	1.0	0	1.0	2.0	1.0	17.0	3.0	2.0	0	0	24.0	0	0	1.0	1.0	94.0	0	1.0	0	1.0	0	6.0	0	1.0	0	0	0
next	1.0	0	5.0	5.0	0	4.0	1.0	1.0	39.0	2.0	0	0	0	5.0	1.0	0	0	10.0	17.0	1.0	3.0	0	3.0	0	1.0	1.0	0	0	1.0	0
nice	1.0	0	2.0	0	0	0	0	0	8.0	0	0	0	0	0	1.0	0	0	2.0	2.0	0	1.0	0	0	0	0	0	0	0	0	0
night	0	0	1.0	2.0	2.0	1.0	0	0	5.0	0	0	0	0	1.0	0	0	0	3.0	10.0	0	1.0	0	0	0	1.0	0	1.0	0	0	0
note	1.0	0	1.0	0	0	0	1.0	0	12.0	2.0	0	0	0	4.0	0	0	0	0	2.0	0	2.0	0	0	0	0	0	0	0	0	0
notes	0	0	0	0	0	0	2.0	0	2.0	0	0	0	0	0	0	0	0	0	2.0	0	2.0	0	0	0	0	0	0	0	0	0
nothing	0	0	5.0	0	0	1.0	2.0	2.0	9.0	0	0	0	0	0	1.0	0	0	2.0	26.0	1.0	2.0	1.0	0	0	0	0	0	0	0	0
notice	2.0	0	2.0	1.0	0	0	0	0	2.0	1.0	0	0	0	1.0	0	0	0	5.0	0	0	0	0	0	0	0	0	0	0	0	0
noticed	0	0	3.0	2.0	0	0	0	0	4.0	0	0	0	0	1.0	0	0	0	9.0	1.0	0	0	0	0	0	0	0	0	0	0	0
number	4.0	0	0	0	0	3.0	1.0	2.0	28.0	0	0	0	0	3.0	0	0	1.0	5.0	14.0	0	8.0	0	0	0	2.0	0	1.0	0	0	0
obama	0	0	0	0	0	4.0	2.0	1.0	1.0	4.0	0	0	0	0	0	0	0	0	8.0	0	0	0	0	0	0	0	0	0	1.0	0
off	0	0	7.0	2.0	0	4.0	0	2.0	53.0	1.0	0	0	0	4.0	0	0	0	6.0	18.0	0	3.0	0	1.0	0	4.0	0	0	0	0	0
office	0	0	3.0	0	0	2.0	0	1.0	7.0	0	0	0	0	2.0	0	0	0	0	17.0	0	0	0	0	0	5.0	0	0	0	0	0
official	0	0	0	0	0	0	0	0	6.0	2.0	0	0	0	2.0	0	0	0	1.0	2.0	0	0	0	0	0	1.0	1.0	0	0	1.0	0
often	1.0	0	6.0	1.0	0	0	2.0	1.0	17.0	1.0	0	0	0	6.0	0	0	0	9.0	18.0	0	1.0	0	0	2.0	1.0	1.0	1.0	0	1.0	0
old	0	0	7.0	4.0	0	0	3.0	3.0	21.0	2.0	2.0	0	0	4.0	0	0	0	1.0	9.0	0	2.0	0	0	0	4.0	0	0	0	0	0
once	1.0	0	8.0	0	0	0	0	0	5.0	0	0	0	0	3.0	0	0	0	3.0	15.0	0	1.0	0	0	0	0	0	0	0	2.0	0
ones	0	0	5.0	0	0	1.0	0	2.0	2.0	0	0	0	0	0	0	0	0	4.0	5.0	1.0	1.0	0	0	0	0	0	0	0	0	0
online	1.0	0	1.0	0	0	3.0	0	1.0	7.0	0	1.0	0	0	13.0	0	0	0	8.0	6.0	0	1.0	0	0	0	0	3.0	1.0	0	2.0	0
open	2.0	0	5.0	4.0	0	0	2.0	1.0	16.0	0	0	0	0	3.0	0	0	0	2.0	4.0	1.0	4.0	0	0	0	1.0	0	0	0	0	0
others	1.0	0	5.0	1.0	0	2.0	1.0	2.0	6.0	0	0	0	0	7.0	0	0	0	11.0	9.0	0	2.0	0	0	0	1.0	0	0	0	1.0	0
outside	0	0	2.0	0	0	0	0	0	2.0	0	0	0	1.0	2.0	0	0	0	1.0	5.0	0	0	0	0	0	1.0	0	0	0	0	0
over	1.0	0	13.0	1.0	2.0	5.0	3.0	5.0	46.0	1.0	0	0	0	14.0	0	3.0	0	14.0	61.0	0	2.0	1.0	2.0	0	9.0	5.0	0	0	0	0
own	0	0	13.0	2.0	0	3.0	1.0	0	42.0	0	0	0	0	4.0	1.0	1.0	0	24.0	19.0	1.0	2.0	0	0	0	2.0	0	0	0	1.0	0
page	0	0	0	10.0	1.0	0	0	0	42.0	0	0	0	0	7.0	0	0	0	8.0	6.0	0	0	0	0	0	0	0	0	0	0	0
panel	0	0	0	0	0	0	0	1.0	6.0	1.0	0	0	0	0	2.0	1.0	0	2.0	5.0	0	0	0	0	0	1.0	0	0	0	4.0	0
part	0	0	1.0	0	0	1.0	3.0	0	36.0	1.0	0	0	0	6.0	0	0	0	7.0	13.0	0	2.0	0	0	1.0	3.0	0	0	0	0	1.0
particular	0	0	1.0	0	1.0	0	0	0	10.0	0	0	0	0	2.0	0	0	0	2.0	3.0	0	0	0	0	0	1.0	0	0	0	0	0
passed	0	1.0	0	0	0	1.0	0	0	2.0	0	0	0	0	0	0	0	0	2.0	12.0	0	1.0	0	0	0	4.0	0	0	0	0	0
past	2.0	0	2.0	0	0	2.0	3.0	0	6.0	1.0	0	0	0	8.0	0	0	0	1.0	12.0	0	1.0	0	0	0	0	3.0	0	1.0	0	0
paul	0	0	0	0	0	0	0	0	8.0	0	0	0	0	1.0	0	0	0	2.0	5.0	0	0	0	0	0	10.0	0	0	0	0	0
pay	0	0	1.0	0	1.0	0	0	0	4.0	1.0	0	0	0	1.0	0	0	0	3.0	7.0	0	0	0	1.0	0	2.0	0	0	0	0	0
percent	0	0	1.0	0	0	1.0	1.0	0	0	1.0	0	0	0	22.0	0	0	0	0	31.0	0	8.0	0	0	0	2.0	0	0	0	0	0
perhaps	2.0	0	1.0	0	0	0	2.0	1.0	2.0	0	0	0	0	0	0	0	0	0	2.0	0	0	0	0	0	1.0	2.0	0	0	0	0
period	0	0	0	0	0	0	0	0	2.0	0	0	0	0	2.0	0	0	0	2.0	3.0	0	0	0	0	0	0	0	0	0	0	0
person	0	0	7.0	0	0	2.0	1.0	0	2.0	0	0	0	0	6.0	0	0	0	5.0	9.0	0	1.0	0	0	0	0	2.0	0	0	0	0
personal	0	0	2.0	0	0	0	1.0	1.0	6.0	0	0	0	0	6.0	1.0	0	0	5.0	14.0	0	0	0	4.0	0	0	0	0	0	0	0
phone	3.0	0	3.0	0	3.0	2.0	0	0	43.0	0	0	0	0	3.0	0	0	0	0	2.0	0	1.0	0	0	0	0	0	0	0	0	0
photo	1.0	0	0	2.0	0	0	2.0	1.0	40.0	1.0	0	0	0	2.0	1.0	0	0	0	1.0	0	0	0	1.0	0	8.0	0	0	0	0	0
photos	0	0	0	6.0	0	3.0	1.0	1.0	42.0	0	0	0	1.0	31.0	0	0	0	0	0	0	0	0	0	0	1.0	0	0	0	1.0	0
pic	0	0	0	0	0	5.0	0	2.0	3.0	1.0	0	0	0	0	0	0	0	3.0	6.0	0	0	0	0	0	0	0	0	0	0	0
pick	1.0	0	1.0	6.0	2.0	1.0	1.0	0	5.0	0	0	0	0	1.0	0	0	0	2.0	5.0	0	0	0	0	0	0	0	0	0	1.0	0
piece	0	0	1.0	0	1.0	0	2.0	1.0	4.0	1.0	0	0	0	3.0	0	0	0	0	5.0	0	0	0	0	0	0	0	2.0	0	0	0
place	2.0	0	4.0	3.0	0	2.0	1.0	0	17.0	0	0	0	0	7.0	0	0	0	3.0	9.0	0	1.0	1.0	0	0	3.0	0	0	0	1.0	0
places	0	0	2.0	4.0	0	0	1.0	5.0	1.0	0	0	0	0	0	0	0	0	0	3.0	0	0	0	1.0	0	0	0	0	0	0	0
plan	0	0	2.0	0	0	0	0	4.0	15.0	2.0	0	0	0	0	0	0	0	0	3.0	0	1.0	0	0	0	4.0	0	1.0	0	0	1.0
platform	0	0	0	2.0	0	2.0	0	0	3.0	0	0	0	0	6.0	0	0	0	1.0	4.0	1.0	1.0	0	1.0	0	0	0	0	0	0	0
play	0	0	2.0	4.0	0	1.0	0	0	11.0	0	0	0	0	16.0	0	0	0	2.0	4.0	0	2.0	0	0	0	0	0	0	0	0	1.0
playing	0	0	4.0	1.0	0	0	1.0	0	7.0	0	0	0	0	2.0	0	0	0	0	3.0	1.0	0	0	0	0	0	0	0	0	0	0
please	0	0	8.0	0	4.0	0	3.0	0	6.0	1.0	0	0	0	2.0	0	0	0	3.0	27.0	0	0	0	0	0	1.0	0	0	0	0	0
point	0	0	12.0	3.0	1.0	1.0	0	4.0	21.0	1.0	0	0	0	0	0	0	0	6.0	23.0	0	0	0	0	0	3.0	0	0	1.0	0	0
police	0	0	0	2.0	0	0	0	2.0	0	0	0	0	0	0	0	0	0	0	9.0	0	1.0	0	0	0	2.0	0	0	0	0	0
policy	0	0	0	0	2.0	0	0	1.0	7.0	0	0	0	0	0	0	0	0	2.0	18.0	0	0	0	0	0	1.0	1.0	0	0	0	0
popular	0	0	3.0	1.0	0	0	0	1.0	15.0	1.0	1.0	0	0	2.0	0	0	0	7.0	6.0	0	1.0	0	0	0	0	0	0	0	0	0
possible	1.0	0	7.0	0	0	0	1.0	0	10.0	0	0	0	0	2.0	0	0	0	1.0	6.0	1.0	1.0	0	1.0	0	0	0	0	0	1.0	1.0
post	2.0	0	1.0	1.0	20.0	1.0	4.0	0	37.0	2.0	2.0	0	0	3.0	4.0	0	0	41.0	31.0	0	3.0	0	1.0	0	1.0	0	2.0	0	11.0	0
posted	0	0	0	0	4.0	3.0	0	2.0	0	0	0	0	0	0	0	1.0	0	0	12.0	0	2.0	0	2.0	0	1.0	0	0	0	0	0
potential	0	0	1.0	1.0	0	1.0	0	1.0	0	0	0	0	0	2.0	0	0	0	3.0	7.0	0	0	0	0	0	2.0	0	0	0	0	0
powerful	0	0	2.0	0	0	0	1.0	0	3.0	0	0	0	0	3.0	0	0	0	0	0	0	0	0	0	2.0	1.0	0	0	0	0	0
president	0	2.0	0	0	0	9.0	1.0	3.0	2.0	4.0	0	0	0	2.0	0	0	0	0	189.0	0	1.0	0	0	0	28.0	0	0	0	1.0	0
press	1.0	0	1.0	1.0	0	0	0	0	4.0	0	0	0	0	1.0	0	0	0	0	33.0	0	2.0	0	0	0	8.0	0	0	0	0	0
pretty	0	0	3.0	2.0	0	1.0	0	2.0	11.0	0	0	0	0	1.0	0	0	0	3.0	4.0	0	2.0	0	0	0	0	0	0	0	0	0
previous	0	0	0	0	0	0	1.0	0	7.0	0	0	0	0	1.0	0	0	0	2.0	2.0	0	4.0	0	0	0	0	0	0	0	0	0
probably	2.0	0	5.0	1.0	0	2.0	2.0	3.0	18.0	0	0	0	0	0	0	0	0	11.0	9.0	0	1.0	0	1.0	1.0	1.0	0	0	0	0	0
problem	0	0	2.0	0	0	1.0	1.0	0	6.0	0	0	0	0	3.0	0	0	0	4.0	9.0	1.0	1.0	0	0	0	3.0	0	0	0	0	0
problems	0	0	1.0	0	0	0	0	0	3.0	0	0	0	0	3.0	0	0	0	0	3.0	1.0	2.0	0	0	0	0	0	1.0	0	0	0
process	2.0	0	3.0	0	0	0	0	0	29.0	0	0	0	0	7.0	0	0	0	1.0	3.0	0	2.0	0	0	0	2.0	1.0	1.0	0	0	0
product	0	0	9.0	2.0	0	0	0	0	13.0	0	0	0	0	4.0	3.0	0	0	2.0	1.0	0	0	0	1.0	0	0	0	0	0	1.0	0
products	0	0	3.0	1.0	0	0	0	0	5.0	0	0	0	0	8.0	0	0	0	2.0	0	0	7.0	0	0	0	0	0	0	1.0	0	0
program	0	0	8.0	2.0	0	1.0	0	1.0	5.0	1.0	0	0	0	7.0	0	1.0	0	0	11.0	0	2.0	0	0	0	4.0	0	0	0	0	0
progress	0	0	3.0	0	1.0	0	0	0	20.0	0	0	0	0	2.0	0	0	0	0	6.0	0	1.0	0	0	0	0	0	0	0	0	0
project	0	0	4.0	0	0	1.0	0	0	37.0	0	0	0	0	6.0	0	0	0	4.0	15.0	1.0	4.0	0	0	0	1.0	0	0	0	0	0
projects	0	0	6.0	0	0	0	0	0	12.0	0	0	0	0	5.0	0	0	0	1.0	2.0	0	1.0	0	0	0	0	0	0	0	0	0
provide	0	0	1.0	1.0	0	0	0	1.0	14.0	0	0	0	0	4.0	0	0	0	1.0	3.0	0	0	0	0	0	4.0	0	0	0	0	1.0
public	0	0	2.0	1.0	3.0	1.0	1.0	1.0	3.0	0	0	0	0	5.0	0	0	0	0	11.0	0	2.0	0	0	0	1.0	0	0	0	0	0
published	0	0	10.0	1.0	0	0	0	0	3.0	0	0	0	0	3.0	0	0	0	1.0	6.0	0	1.0	0	0	0	10.0	0	0	0	0	0
put	1.0	0	7.0	0	0	0	0	2.0	30.0	0	0	0	0	3.0	0	0	0	4.0	19.0	0	2.0	0	0	0	1.0	0	0	0	0	0
question	4.0	0	4.0	3.0	0	0	2.0	0	3.0	0	0	0	0	1.0	0	2.0	0	0	20.0	1.0	0	0	0	0	0	0	0	1.0	0	0
questions	2.0	1.0	2.0	0	0	1.0	1.0	0	13.0	1.0	0	0	0	2.0	0	0	0	6.0	11.0	0	1.0	1.0	0	1.0	0	0	0	0	0	0
quick	1.0	0	2.0	0	0	0	0	0	8.0	0	0	0	0	3.0	0	0	0	2.0	2.0	0	0	0	0	0	0	0	0	0	0	0
rather	0	0	3.0	0	0	0	1.0	0	10.0	0	0	0	0	3.0	0	0	0	1.0	9.0	0	0	0	0	0	2.0	0	0	0	0	0
reached	0	0	3.0	0	0	0	0	0	1.0	1.0	0	0	0	3.0	0	2.0	0	0	2.0	0	0	0	0	0	1.0	0	0	0	0	0
read	2.0	0	7.0	1.0	1.0	31.0	7.0	1.0	49.0	0	0	0	0	5.0	0	1.0	0	9.0	7.0	0	16.0	0	0	0	2.0	0	0	0	0	0
readers	0	0	0	0	0	0	5.0	0	2.0	0	0	0	0	1.0	1.0	0	0	8.0	8.0	0	1.0	0	0	0	0	0	0	0	0	0
reading	1.0	0	1.0	0	0	0	3.0	0	43.0	0	0	0	0	7.0	0	1.0	0	8.0	0	0	0	1.0	14.0	0	0	0	10.0	0	0	0
ready	0	0	2.0	0	0	1.0	0	0	7.0	0	0	0	0	2.0	0	0	0	1.0	3.0	0	0	0	0	0	0	0	1.0	0	0	0
real	0	0	5.0	1.0	0	1.0	1.0	0	29.0	2.0	0	0	0	6.0	0	0	0	2.0	27.0	1.0	1.0	0	1.0	0	0	0	0	0	3.0	0
reality	0	0	2.0	0	0	3.0	0	0	1.0	0	0	0	0	2.0	0	0	0	1.0	6.0	0	0	0	3.0	0	0	0	0	0	0	0
really	0	0	9.0	1.0	0	6.0	0	7.0	21.0	0	0	0	0	4.0	1.0	0	0	9.0	39.0	0	5.0	0	1.0	0	0	0	0	0	0	1.0
reason	0	0	4.0	1.0	0	0	0	2.0	11.0	0	0	0	0	0	0	0	0	10.0	9.0	0	1.0	0	0	0	0	0	0	0	0	0
reasons	0	0	0	3.0	0	0	0	2.0	4.0	0	0	0	0	1.0	0	0	0	5.0	2.0	0	0	2.0	0	0	0	0	0	0	0	1.0
recent	0	0	0	1.0	0	0	1.0	0	5.0	0	0	0	0	2.0	0	0	0	5.0	14.0	0	0	0	0	0	1.0	0	1.0	0	0	0
recently	0	0	5.0	2.0	0	1.0	4.0	0	9.0	0	0	0	0	7.0	1.0	3.0	0	6.0	5.0	0	2.0	0	0	0	0	1.0	3.0	0	1.0	0
record	0	0	3.0	0	0	0	1.0	2.0	18.0	0	0	0	0	1.0	0	0	0	1.0	8.0	0	0	0	0	0	0	0	0	0	0	0
red	0	0	0	0	0	0	0	2.0	8.0	0	0	0	0	1.0	0	0	0	2.0	5.0	0	3.0	0	0	0	0	0	0	0	0	0
related	0	0	4.0	10.0	0	0	0	0	6.0	0	0	0	0	5.0	0	0	0	0	2.0	0	0	1.0	0	0	0	0	0	0	0	0
release	2.0	0	3.0	2.0	0	0	0	0	3.0	0	0	0	0	1.0	0	0	0	1.0	3.0	0	6.0	0	0	0	0	0	0	0	0	0
remember	0	0	4.0	0	1.0	1.0	1.0	0	4.0	0	0	0	0	2.0	1.0	0	0	3.0	2.0	0	2.0	0	0	0	0	0	0	0	0	0
reports	0	0	2.0	1.0	0	1.0	0	0	2.0	0	0	0	0	0	0	0	0	0	6.0	0	5.0	0	0	0	0	0	0	0	0	0
republican	0	0	0	0	0	0	0	3.0	0	2.0	0	0	0	0	0	0	0	0	26.0	0	0	0	0	0	11.0	0	0	0	0	0
research	0	0	0	1.0	0	0	2.0	0	10.0	0	0	0	0	10.0	0	0	0	1.0	4.0	0	3.0	0	0	0	1.0	0	0	0	0	0
result	0	0	0	3.0	1.0	0	0	0	6.0	0	0	0	0	2.0	0	0	0	3.0	1.0	0	1.0	0	0	0	2.0	0	0	0	0	0
results	1.0	0	1.0	9.0	0	1.0	1.0	0	2.0	1.0	0	0	0	3.0	0	0	0	5.0	3.0	0	6.0	0	0	0	0	0	0	0	0	2.0
right	1.0	0	16.0	1.0	0	4.0	0	1.0	25.0	2.0	1.0	0	0	12.0	0	0	0	7.0	61.0	1.0	1.0	0	0	0	5.0	0	1.0	0	0	0
room	1.0	0	2.0	0	0	2.0	1.0	1.0	9.0	1.0	0	0	0	3.0	0	0	0	1.0	4.0	0	0	0	0	0	1.0	2.0	1.0	0	0	0
rules	0	0	0	0	0	1.0	0	0	2.0	0	0	0	0	0	0	0	0	9.0	5.0	0	0	0	0	4.0	0	0	0	0	0	0
run	1.0	0	12.0	0	0	2.0	0	2.0	37.0	1.0	0	0	0	3.0	0	0	0	0	3.0	0	3.0	0	0	1.0	0	1.0	0	0	0	0
running	0	0	12.0	1.0	0	0	0	1.0	23.0	0	0	0	0	3.0	0	0	0	0	7.0	0	0	0	0	0	0	0	0	0	0	0
said	2.0	1.0	7.0	0	0	3.0	4.0	7.0	10.0	4.0	1.0	0	0	0	1.0	0	0	13.0	61.0	0	11.0	0	0	0	25.0	2.0	0	0	0	0
same	1.0	0	10.0	3.0	0	2.0	2.0	0	36.0	2.0	0	0	0	3.0	0	0	0	16.0	21.0	1.0	2.0	0	0	0	1.0	0	0	0	0	0
saturday	0	0	0	1.0	0	2.0	0	0	0	0	0	0	0	0	0	0	0	0	7.0	0	1.0	0	2.0	0	6.0	0	0	0	0	0
save	0	0	3.0	0	0	0	0	0	8.0	2.0	0	0	0	1.0	0	0	0	1.0	5.0	0	0	0	1.0	0	0	0	0	0	0	0
saw	1.0	0	4.0	0	0	0	0	1.0	3.0	1.0	0	0	0	0	0	0	1.0	2.0	8.0	0	0	0	0	0	0	0	0	0	0	0
say	0	1.0	7.0	0	1.0	3.0	1.0	0	11.0	0	0	0	0	3.0	0	0	1.0	7.0	74.0	0	1.0	1.0	0	1.0	3.0	0	2.0	0	0	0
says	1.0	0	1.0	0	0	3.0	0	2.0	4.0	6.0	0	0	0	10.0	0	0	0	0	24.0	0	4.0	0	0	0	2.0	0	0	0	0	0
school	0	0	0	1.0	0	2.0	0	0	0	0	3.0	0	0	30.0	0	0	0	1.0	6.0	0	2.0	0	0	0	13.0	0	0	0	0	0
science	0	0	1.0	0	0	3.0	1.0	0	2.0	2.0	0	0	0	11.0	0	1.0	0	1.0	5.0	0	0	0	0	0	0	0	0	0	0	0
screen	1.0	0	3.0	3.0	0	0	0	0	24.0	0	0	0	0	0	0	0	0	1.0	5.0	0	0	0	0	0	0	1.0	0	0	0	0
search	1.0	0	6.0	47.0	20.0	0	0	0	4.0	0	0	0	0	12.0	0	0	0	3.0	1.0	1.0	0	0	0	0	0	0	0	0	0	2.0
second	1.0	0	4.0	0	0	1.0	0	0	16.0	0	0	0	0	1.0	0	1.0	0	3.0	10.0	0	4.0	0	1.0	0	3.0	0	0	0	0	0
seconds	1.0	0	0	0	0	0	0	2.0	12.0	0	0	0	0	2.0	0	0	0	0	16.0	0	1.0	0	0	0	0	0	0	0	0	0
security	0	0	0	2.0	0	1.0	0	0	1.0	0	0	0	0	0	0	0	0	0	15.0	0	7.0	0	1.0	0	2.0	1.0	0	0	0	0
see	3.0	0	15.0	4.0	0	24.0	0	1.0	42.0	3.0	0	0	1.0	23.0	2.0	1.0	0	23.0	23.0	0	0	0	1.0	0	0	0	1.0	0	1.0	0
seem	0	0	0	2.0	0	2.0	1.0	1.0	3.0	1.0	0	0	0	0	0	0	0	2.0	8.0	0	0	0	0	0	0	0	0	0	0	0
seems	0	0	1.0	1.0	0	0	0	1.0	9.0	2.0	0	0	0	0	0	0	0	3.0	8.0	0	0	0	0	0	1.0	0	0	0	0	0
seen	0	0	3.0	0	0	2.0	0	0	5.0	0	0	0	0	2.0	0	0	0	4.0	12.0	0	0	0	2.0	0	2.0	0	0	0	0	0
self	0	0	4.0	0	0	0	0	6.0	2.0	0	0	0	0	0	0	0	0	3.0	5.0	0	1.0	0	0	0	0	1.0	0	0	0	0
sell	0	0	3.0	0	0	0	0	2.0	2.0	0	0	0	0	0	0	0	0	2.0	5.0	0	0	0	0	0	0	0	0	0	0	0
sense	0	0	4.0	0	0	0	0	1.0	9.0	2.0	0	0	0	4.0	0	0	0	3.0	13.0	0	0	0	0	0	0	0	0	0	0	0
sent	0	0	0	1.0	0	0	2.0	2.0	5.0	0	0	0	0	2.0	0	0	0	0	6.0	0	0	0	0	0	0	0	0	0	0	0
series	0	0	2.0	0	0	2.0	0	0	4.0	0	0	0	0	6.0	0	0	0	9.0	3.0	0	2.0	0	0	0	2.0	0	0	0	0	0
service	5.0	0	3.0	0	0	0	0	0	25.0	0	0	0	0	1.0	0	0	0	5.0	8.0	0	0	0	1.0	1.0	1.0	0	0	0	1.0	0
services	1.0	0	0	0	0	0	0	0	7.0	1.0	0	0	0	5.0	0	0	0	2.0	6.0	0	1.0	0	0	0	4.0	0	0	0	0	0
set	1.0	0	3.0	1.0	0	0	0	0	20.0	0	0	0	0	2.0	0	0	0	0	13.0	1.0	2.0	1.0	1.0	0	1.0	1.0	0	0	0	1.0
seven	0	0	0	1.0	0	2.0	3.0	0	0	0	0	0	0	2.0	0	0	0	4.0	5.0	0	3.0	0	2.0	1.0	1.0	0	0	0	0	0
several	1.0	0	1.0	0	0	1.0	0	0	9.0	0	0	0	0	2.0	0	0	0	10.0	8.0	0	1.0	0	1.0	0	2.0	0	0	0	0	0
share	0	0	10.0	3.0	0	0	0	0	17.0	0	0	0	0	13.0	0	0	0	8.0	1.0	0	1.0	0	1.0	0	1.0	0	0	0	1.0	2.0
she	0	0	7.0	0	0	3.0	1.0	1.0	0	1.0	0	0	1.0	14.0	0	4.0	0	1.0	91.0	1.0	1.0	0	0	0	9.0	0	0	0	0	0
shopping	0	0	3.0	2.0	0	7.0	0	0	0	0	0	0	0	6.0	0	0	0	0	0	0	0	0	0	0	0	0	1.0	0	0	0
short	0	0	0	0	0	0	2.0	0	12.0	0	0	0	0	1.0	0	1.0	0	1.0	4.0	1.0	0	0	0	0	6.0	0	0	0	1.0	0
shot	0	0	0	0	0	0	0	2.0	4.0	3.0	0	0	0	0	0	0	0	0	2.0	0	1.0	0	0	0	1.0	0	0	0	0	0
should	0	0	9.0	1.0	0	2.0	2.0	3.0	36.0	3.0	1.0	0	0	8.0	0	0	0	15.0	24.0	0	0	0	1.0	0	7.0	0	0	0	0	2.0
show	1.0	0	12.0	2.0	0	3.0	0	0	13.0	0	3.0	0	0	7.0	0	0	0	5.0	44.0	0	2.0	0	3.0	0	2.0	0	0	0	0	0
showed	0	0	1.0	1.0	0	1.0	2.0	0	4.0	0	0	0	0	2.0	0	0	0	1.0	5.0	0	0	0	0	0	1.0	0	0	0	1.0	0
showing	0	0	1.0	0	0	0	0	1.0	8.0	0	0	0	0	4.0	0	0	0	2.0	3.0	0	0	0	0	0	0	0	0	0	0	0
shows	0	0	7.0	17.0	0	1.0	1.0	0	44.0	0	0	0	0	4.0	0	0	0	2.0	11.0	0	0	0	1.0	0	1.0	0	0	0	0	0
side	1.0	0	3.0	0	0	1.0	0	0	9.0	0	0	0	0	2.0	0	0	0	1.0	9.0	0	1.0	0	0	0	0	0	0	0	0	0
signal	0	0	10.0	0	0	0	0	0	16.0	0	0	0	0	2.0	0	0	0	0	4.0	0	0	0	0	0	0	0	0	0	0	0
similar	2.0	0	0	1.0	0	0	0	2.0	1.0	0	0	0	0	3.0	0	0	0	3.0	3.0	1.0	1.0	0	1.0	0	0	0	0	0	0	0
simple	1.0	0	2.0	0	0	0	2.0	1.0	22.0	0	0	0	0	4.0	0	0	0	2.0	2.0	0	0	0	0	0	0	1.0	0	0	0	0
simply	0	0	8.0	1.0	0	0	0	1.0	7.0	0	0	0	0	1.0	0	0	0	5.0	7.0	0	0	0	0	0	0	0	0	0	0	0
since	0	0	4.0	2.0	0	0	2.0	1.0	37.0	1.0	0	0	0	5.0	0	0	0	3.0	13.0	0	7.0	0	3.0	0	4.0	0	0	0	0	1.0
single	1.0	0	0	0	0	0	1.0	2.0	10.0	2.0	0	0	0	3.0	0	0	0	3.0	10.0	0	3.0	0	0	0	0	0	0	0	0	0
site	4.0	0	0	4.0	0	2.0	2.0	0	42.0	0	0	0	0	4.0	1.0	0	0	11.0	2.0	0	0	0	0	0	0	1.0	0	0	0	1.0
six	0	0	3.0	0	0	2.0	0	0	2.0	0	1.0	0	0	3.0	0	0	0	0	8.0	0	2.0	0	0	1.0	2.0	1.0	1.0	0	1.0	0
small	1.0	0	5.0	0	0	1.0	0	1.0	16.0	0	0	0	0	4.0	0	0	0	4.0	5.0	0	3.0	0	0	1.0	0	0	0	0	0	0
smart	1.0	0	1.0	3.0	0	1.0	0	1.0	7.0	0	0	0	0	1.0	0	0	0	5.0	1.0	0	0	0	0	0	1.0	2.0	0	1.0	0	0
social	0	0	2.0	0	0	2.0	0	1.0	2.0	0	0	0	0	4.0	0	1.0	0	121.0	27.0	0	0	0	2.0	0	1.0	2.0	0	0	1.0	0
software	0	0	10.0	0	0	1.0	0	2.0	11.0	0	0	0	0	3.0	0	0	0	0	0	0	12.0	0	0	0	1.0	0	0	0	0	0
some	3.0	0	21.0	6.0	0	10.0	1.0	6.0	90.0	1.0	0	0	0	20.0	1.0	1.0	0	20.0	44.0	0	6.0	1.0	6.0	0	3.0	0	0	0	0	0
someone	1.0	0	16.0	0	0	2.0	0	0	6.0	0	0	0	0	4.0	1.0	0	0	14.0	12.0	0	0	0	0	0	0	0	0	0	1.0	0
something	2.0	0	21.0	2.0	1.0	7.0	0	3.0	52.0	1.0	0	0	0	5.0	1.0	0	0	10.0	26.0	0	1.0	0	4.0	2.0	2.0	0	0	0	0	0
soon	0	0	5.0	1.0	0	3.0	0	1.0	5.0	0	0	0	0	0	0	0	0	3.0	3.0	0	0	0	0	0	2.0	0	0	0	1.0	0
sound	1.0	0	1.0	2.0	0	3.0	0	0	3.0	0	0	0	0	2.0	0	0	0	1.0	2.0	0	0	0	0	0	0	0	0	0	0	1.0
source	4.0	0	0	1.0	0	0	1.0	0	12.0	0	0	0	0	1.0	0	0	0	0	3.0	0	7.0	0	0	0	0	0	0	0	0	0
south	0	0	0	1.0	0	1.0	0	0	1.0	2.0	0	0	0	0	0	0	0	2.0	3.0	0	2.0	0	0	0	0	0	0	0	0	0
space	0	0	5.0	0	0	6.0	0	1.0	6.0	0	0	0	0	5.0	0	0	0	5.0	0	0	9.0	0	0	0	0	0	0	1.0	0	0
special	0	0	0	3.0	0	2.0	0	1.0	2.0	0	0	0	0	6.0	0	0	0	1.0	7.0	0	0	0	0	0	1.0	0	0	0	0	0
spend	0	0	3.0	0	0	0	0	1.0	4.0	0	0	0	0	3.0	1.0	0	0	2.0	3.0	0	0	0	0	0	0	1.0	1.0	0	0	0
stand	0	0	4.0	0	0	0	0	0	3.0	0	0	0	0	0	0	0	0	2.0	5.0	0	0	0	0	0	0	1.0	0	0	0	0
start	1.0	0	7.0	1.0	2.0	2.0	0	0	22.0	1.0	0	0	1.0	6.0	0	0	0	7.0	25.0	0	2.0	0	1.0	0	1.0	0	1.0	0	1.0	0
started	0	0	9.0	2.0	0	1.0	1.0	0	23.0	0	0	0	0	6.0	0	0	0	14.0	5.0	0	3.0	0	3.0	0	2.0	0	1.0	0	0	0
state	0	1.0	0	0	0	1.0	0	9.0	8.0	5.0	0	0	0	7.0	0	0	0	1.0	19.0	0	4.0	0	0	0	35.0	0	0	0	0	0
states	0	0	1.0	0	0	0	0	4.0	6.0	0	0	0	0	0	0	0	0	0	41.0	0	4.0	0	0	0	15.0	0	0	0	0	0
status	0	0	2.0	0	0	0	0	1.0	4.0	2.0	0	0	0	0	0	0	0	2.0	2.0	0	0	0	0	1.0	1.0	0	0	0	0	0
stay	0	0	1.0	1.0	0	1.0	0	1.0	3.0	0	0	0	0	3.0	0	0	0	3.0	4.0	0	0	0	0	0	0	0	1.0	0	0	0
step	0	0	1.0	0	0	3.0	0	1.0	14.0	0	0	0	0	4.0	0	0	0	0	4.0	0	1.0	0	0	0	0	0	0	0	0	0
still	0	0	13.0	5.0	1.0	2.0	2.0	1.0	47.0	0	0	0	0	4.0	0	0	0	13.0	20.0	0	4.0	0	1.0	0	7.0	0	0	0	0	0
stop	0	0	3.0	1.0	0	1.0	0	0	3.0	2.0	0	0	0	0	0	0	0	2.0	11.0	0	1.0	0	0	1.0	1.0	0	0	0	0	0
stories	0	0	2.0	0	0	0	0	0	4.0	0	0	0	0	18.0	0	0	0	3.0	10.0	0	1.0	0	0	0	1.0	0	0	0	0	0
story	0	1.0	11.0	0	1.0	0	2.0	1.0	8.0	1.0	1.0	0	0	28.0	1.0	0	0	2.0	33.0	2.0	17.0	1.0	0	1.0	10.0	0	0	0	0	0
students	0	0	0	0	0	2.0	0	0	1.0	0	0	0	0	62.0	0	1.0	0	0	5.0	0	0	0	0	0	7.0	0	0	0	1.0	0
study	0	0	0	0	0	1.0	0	0	7.0	1.0	0	0	0	7.0	0	0	0	6.0	15.0	0	5.0	0	0	0	1.0	0	0	0	0	0
stuff	1.0	0	3.0	0	1.0	0	0	1.0	9.0	0	0	0	0	0	0	1.0	0	2.0	8.0	0	0	0	0	0	0	0	0	0	0	0
successful	0	0	2.0	0	0	0	0	1.0	4.0	0	0	0	0	0	0	0	0	2.0	2.0	0	0	0	0	0	0	0	0	0	0	0
such	0	0	8.0	1.0	0	1.0	0	2.0	17.0	0	0	0	0	11.0	0	1.0	0	8.0	19.0	0	3.0	0	0	0	3.0	0	0	0	0	0
summer	0	0	1.0	0	0	3.0	0	0	3.0	0	0	0	0	9.0	0	0	0	2.0	0	0	0	0	0	0	0	0	0	0	1.0	0
sunday	0	0	0	0	0	2.0	0	1.0	0	2.0	0	0	0	0	0	0	0	4.0	9.0	0	3.0	0	0	0	10.0	1.0	1.0	0	0	0
support	0	0	6.0	2.0	0	0	2.0	0	22.0	2.0	0	0	0	9.0	0	0	0	2.0	28.0	0	5.0	0	1.0	0	4.0	0	0	0	0	0
sure	0	0	2.0	1.0	0	2.0	0	3.0	20.0	0	0	0	0	2.0	0	0	0	11.0	11.0	0	0	0	0	0	0	0	0	0	1.0	1.0
system	0	0	6.0	5.0	0	0	1.0	2.0	22.0	0	0	0	0	1.0	0	0	0	0	6.0	1.0	4.0	0	0	0	2.0	0	0	0	0	0
take	1.0	0	5.0	1.0	1.0	6.0	1.0	3.0	26.0	1.0	0	0	0	15.0	0	0	0	7.0	17.0	0	0	0	0	0	3.0	2.0	0	0	0	1.0
taken	0	0	2.0	0	0	0	0	0	2.0	0	0	0	0	2.0	0	0	0	0	3.0	0	0	0	0	0	0	0	0	0	0	0
takes	0	0	3.0	0	1.0	3.0	1.0	0	6.0	0	0	0	1.0	1.0	0	0	0	1.0	9.0	1.0	0	0	0	0	1.0	1.0	0	0	0	0
taking	0	0	3.0	1.0	0	4.0	1.0	0	11.0	1.0	0	0	0	3.0	0	0	0	4.0	7.0	0	1.0	0	0	0	0	0	0	0	0	0
talk	0	0	3.0	0	0	0	2.0	0	5.0	0	0	0	0	2.0	1.0	2.0	0	2.0	19.0	0	0	0	1.0	0	3.0	1.0	0	0	0	0
talking	0	0	10.0	0	0	0	0	1.0	5.0	0	0	0	0	0	0	0	0	4.0	31.0	0	0	0	0	0	0	0	0	0	0	0
tap	0	0	5.0	4.0	0	0	0	0	8.0	0	0	0	0	2.0	0	0	0	1.0	0	0	0	0	0	0	0	0	0	0	0	0
team	0	0	16.0	1.0	0	0	0	0	22.0	0	0	0	0	8.0	0	0	0	5.0	36.0	0	2.0	0	0	0	11.0	0	0	0	0	0
teams	0	0	4.0	0	0	0	0	0	3.0	0	0	0	0	2.0	0	0	0	0	1.0	0	0	0	0	1.0	5.0	0	0	0	0	0
tech	1.0	0	2.0	0	0	8.0	0	12.0	9.0	0	0	0	0	5.0	0	0	0	0	0	0	2.0	0	0	0	0	0	0	1.0	0	0
tell	0	0	2.0	0	0	0	0	0	13.0	0	0	0	0	5.0	0	0	0	11.0	4.0	0	0	0	1.0	0	0	0	0	0	0	0
ten	1.0	0	1.0	0	0	0	0	0	2.0	0	1.0	0	0	1.0	0	0	0	2.0	4.0	0	0	0	0	0	1.0	0	0	0	2.0	0
than	1.0	0	11.0	5.0	1.0	5.0	4.0	8.0	45.0	2.0	1.0	0	0	18.0	0	0	0	9.0	55.0	0	10.0	0	0	3.0	6.0	0	0	1.0	2.0	0
thanks	1.0	0	2.0	0	0	0	0	1.0	4.0	1.0	0	0	0	1.0	1.0	2.0	0	2.0	1.0	0	1.0	0	2.0	0	0	0	0	0	0	0
them	4.0	0	27.0	3.0	0	3.0	0	13.0	47.0	0	0	0	0	24.0	0	0	0	50.0	55.0	0	2.0	0	0	4.0	4.0	1.0	0	0	1.0	0
themselves	1.0	0	2.0	0	0	0	0	1.0	8.0	1.0	0	0	0	3.0	0	0	0	9.0	6.0	0	0	0	0	0	2.0	0	0	0	0	0
then	3.0	0	21.0	3.0	1.0	0	7.0	1.0	56.0	3.0	1.0	0	0	7.0	0	1.0	0	22.0	56.0	1.0	1.0	0	3.0	0	0	0	0	0	0	0
these	1.0	0	21.0	3.0	0	5.0	5.0	2.0	37.0	0	0	0	0	26.0	1.0	0	0	26.0	26.0	1.0	2.0	0	1.0	0	3.0	0	0	0	1.0	1.0
thing	1.0	0	16.0	0	0	3.0	1.0	3.0	22.0	1.0	0	0	0	2.0	0	0	0	13.0	27.0	1.0	0	0	1.0	0	1.0	0	1.0	0	0	0
things	1.0	0	22.0	1.0	1.0	2.0	3.0	2.0	31.0	3.0	0	0	0	5.0	1.0	1.0	0	6.0	26.0	1.0	0	1.0	0	4.0	0	2.0	1.0	0	0	0
think	0	0	10.0	0	0	3.0	1.0	4.0	26.0	0	0	0	0	10.0	0	0	0	30.0	77.0	0	1.0	0	0	1.0	1.0	0	0	0	0	0
those	3.0	0	14.0	3.0	0	3.0	1.0	0	20.0	1.0	0	0	0	5.0	0	0	0	10.0	49.0	0	5.0	0	0	3.0	3.0	0	0	0	0	1.0
though	3.0	0	3.0	1.0	0	1.0	1.0	3.0	26.0	0	0	0	0	1.0	0	0	0	5.0	11.0	0	1.0	0	0	0	2.0	0	0	0	0	0
thought	0	0	5.0	0	0	0	2.0	0	19.0	0	0	0	0	3.0	0	0	0	11.0	10.0	0	0	0	2.0	0	2.0	0	0	0	0	0
thousands	0	0	1.0	0	0	0	2.0	0	2.0	1.0	0	0	0	3.0	0	0	0	0	4.0	0	0	0	0	0	0	0	0	0	0	0
three	0	0	5.0	0	0	0	1.0	0	9.0	0	0	0	0	9.0	1.0	0	0	3.0	28.0	1.0	1.0	2.0	0	0	6.0	0	0	0	0	0
through	1.0	0	12.0	0	0	2.0	4.0	0	33.0	2.0	1.0	0	1.0	17.0	0	1.0	0	4.0	10.0	2.0	2.0	0	0	0	5.0	1.0	0	0	0	0
today	1.0	0	10.0	1.0	0	2.0	1.0	3.0	1.0	8.0	0	0	0	11.0	0	0	0	4.0	56.0	0	3.0	0	1.0	0	2.0	1.0	0	2.0	0	0
together	1.0	0	5.0	0	1.0	2.0	0	0	4.0	0	0	0	0	6.0	1.0	0	0	4.0	6.0	0	0	0	1.0	0	2.0	0	0	0	0	0
told	0	0	5.0	0	0	0	1.0	2.0	2.0	0	0	0	0	1.0	0	0	0	3.0	24.0	0	4.0	0	0	0	5.0	0	0	0	0	0
too	2.0	0	15.0	0	0	1.0	1.0	2.0	35.0	1.0	0	0	0	3.0	0	0	0	6.0	13.0	0	3.0	0	2.0	0	2.0	2.0	0	0	2.0	0
took	1.0	0	3.0	0	0	2.0	1.0	0	6.0	0	1.0	0	0	1.0	0	1.0	0	8.0	21.0	0	0	0	0	0	1.0	0	0	0	0	0
tool	0	0	1.0	1.0	0	0	0	0	11.0	0	0	0	0	3.0	0	0	0	6.0	0	0	0	0	0	0	0	0	0	0	0	2.0
tools	0	0	3.0	5.0	0	0	0	0	12.0	0	0	0	0	20.0	0	0	0	7.0	0	1.0	0	0	0	0	0	0	0	0	0	2.0
top	1.0	0	0	1.0	1.0	0	0	0	11.0	0	0	0	0	13.0	0	0	0	4.0	6.0	0	0	0	0	0	1.0	1.0	0	0	0	1.0
town	0	0	0	0	0	0	0	1.0	2.0	0	1.0	0	0	2.0	0	0	0	2.0	1.0	0	0	0	0	0	7.0	0	0	0	0	1.0
track	0	0	4.0	0	0	1.0	1.0	0	4.0	0	0	0	0	2.0	0	0	0	1.0	2.0	0	0	0	0	0	0	0	0	0	0	0
training	0	0	0	0	0	0	0	0	0	0	0	0	0	2.0	0	0	0	2.0	0	0	0	0	0	2.0	2.0	0	0	0	0	0
travel	0	0	0	0	0	2.0	0	0	14.0	0	0	0	0	0	0	0	0	4.0	16.0	0	0	0	0	0	6.0	0	0	0	0	0
tried	0	0	4.0	1.0	0	0	0	0	3.0	0	0	0	0	0	0	0	0	1.0	7.0	0	0	0	0	0	1.0	2.0	0	0	0	0
trip	0	1.0	0	0	0	1.0	0	2.0	8.0	0	0	0	0	1.0	1.0	0	0	0	2.0	0	0	0	0	0	0	0	2.0	0	0	0
true	1.0	0	0	0	0	2.0	0	0	14.0	0	0	0	0	0	0	0	0	1.0	21.0	0	0	0	0	0	17.0	0	0	0	0	0
trump	0	2.0	0	0	0	17.0	0	1.0	0	17.0	1.0	0	0	0	0	0	2.0	0	175.0	0	0	0	0	0	34.0	0	1.0	0	0	0
try	0	0	10.0	3.0	0	0	0	0	16.0	0	0	0	0	2.0	0	0	0	4.0	7.0	0	1.0	0	0	0	2.0	0	0	0	1.0	0
trying	0	0	8.0	0	0	0	0	0	15.0	0	0	0	0	1.0	1.0	0	0	7.0	28.0	0	3.0	0	0	0	2.0	0	0	0	0	0
turn	0	0	1.0	5.0	0	2.0	0	0	16.0	0	0	0	0	1.0	0	0	0	2.0	4.0	0	0	0	0	0	1.0	0	0	0	0	0
turned	1.0	0	3.0	0	0	0	0	2.0	7.0	0	0	0	0	0	0	0	0	1.0	4.0	0	0	0	0	0	0	0	0	0	0	0
tweet	0	0	0	0	0	2.0	0	0	4.0	3.0	1.0	0	0	0	0	0	0	7.0	27.0	0	0	0	0	0	13.0	0	0	0	0	0
tweets	0	0	1.0	0	0	1.0	0	1.0	3.0	0	0	0	0	0	0	0	2.0	20.0	35.0	0	0	0	0	0	4.0	0	0	0	0	0
twitter	0	0	2.0	0	0	12.0	0	3.0	55.0	1.0	0	0	0	7.0	1.0	0	0	68.0	40.0	0	3.0	0	3.0	0	5.0	0	0	0	0	0
two	3.0	0	15.0	0	1.0	3.0	1.0	3.0	35.0	1.0	0	0	0	2.0	0	0	0	8.0	33.0	0	9.0	0	1.0	0	7.0	2.0	0	1.0	3.0	0
under	0	0	1.0	0	0	2.0	2.0	0	4.0	1.0	1.0	0	0	3.0	0	0	0	1.0	13.0	0	2.0	0	0	0	6.0	0	0	0	0	0
understand	0	0	2.0	1.0	0	0	1.0	0	5.0	0	0	0	0	4.0	0	0	0	13.0	7.0	0	1.0	0	0	0	1.0	0	0	0	0	0
understanding	0	0	0	2.0	1.0	0	0	0	2.0	0	0	0	0	5.0	0	0	0	5.0	0	0	0	0	0	0	0	0	0	0	0	0
unique	0	0	2.0	1.0	0	1.0	0	0	3.0	0	0	0	0	5.0	0	0	0	1.0	0	0	0	0	0	0	0	2.0	0	0	0	1.0
united	0	0	2.0	0	0	0	1.0	1.0	5.0	0	0	0	0	0	0	0	0	0	35.0	0	4.0	0	0	0	5.0	0	0	0	0	0
university	0	0	0	0	0	1.0	0	0	0	0	1.0	0	0	2.0	0	0	0	1.0	2.0	0	2.0	0	0	0	2.0	0	0	0	0	0
unless	1.0	0	1.0	0	0	0	0	2.0	5.0	0	0	0	0	0	0	0	0	3.0	2.0	0	0	0	0	0	0	0	0	0	0	0
until	0	0	3.0	0	0	2.0	0	0	15.0	1.0	0	0	0	3.0	0	0	0	0	8.0	1.0	0	0	0	0	0	0	1.0	0	0	0
update	0	0	2.0	0	0	1.0	1.0	0	20.0	1.0	0	0	0	3.0	1.0	0	0	2.0	1.0	0	0	0	0	0	0	0	0	0	0	0
updates	0	0	4.0	2.0	0	0	0	0	3.0	0	0	0	0	5.0	0	0	0	3.0	0	0	0	0	1.0	0	0	0	0	0	0	0
use	3.0	0	5.0	7.0	0	1.0	1.0	0	102.0	3.0	0	0	0	19.0	0	0	0	20.0	16.0	0	0	0	0	1.0	1.0	0	1.0	0	1.0	1.0
used	2.0	0	4.0	0	0	0	0	0	41.0	0	0	0	0	6.0	0	0	0	1.0	8.0	2.0	1.0	0	0	0	2.0	0	3.0	0	1.0	0
user	2.0	0	3.0	0	0	3.0	0	0	27.0	0	0	0	0	2.0	1.0	0	0	4.0	0	1.0	1.0	0	3.0	0	0	0	0	0	0	0
users	0	0	2.0	3.0	0	0	0	0	20.0	0	0	0	0	4.0	4.0	0	0	9.0	0	0	2.0	0	0	0	0	0	0	0	0	1.0
uses	0	0	1.0	0	0	0	0	3.0	8.0	0	0	0	0	3.0	0	0	0	1.0	4.0	0	0	0	0	0	0	0	0	0	0	0
using	4.0	0	6.0	5.0	0	0	0	0	57.0	0	0	0	0	14.0	0	0	0	29.0	14.0	0	3.0	0	2.0	0	0	0	1.0	0	0	1.0
usually	0	0	3.0	0	1.0	0	0	0	10.0	0	0	0	0	2.0	0	0	0	5.0	2.0	0	0	1.0	0	0	0	0	0	0	0	0
version	0	0	1.0	3.0	1.0	2.0	0	0	15.0	0	0	0	0	4.0	0	0	0	0	5.0	0	2.0	0	0	0	2.0	0	0	0	0	0
very	1.0	0	25.0	2.0	0	2.0	1.0	2.0	30.0	0	0	0	0	1.0	1.0	0	0	25.0	37.0	0	1.0	0	2.0	0	4.0	0	0	0	0	0
via	2.0	0	3.0	2.0	0	0	0	0	22.0	0	1.0	0	0	1.0	0	0	0	8.0	2.0	0	3.0	1.0	0	0	2.0	1.0	0	0	0	0
video	0	0	1.0	3.0	0	5.0	0	0	64.0	4.0	0	0	0	6.0	0	1.0	0	0	37.0	0	1.0	1.0	1.0	0	6.0	0	0	0	0	0
videos	0	0	0	4.0	0	1.0	0	0	14.0	0	0	0	0	8.0	0	0	0	0	4.0	0	1.0	0	0	0	0	0	0	0	0	0
view	1.0	0	0	1.0	0	0	0	0	7.0	0	0	0	0	6.0	0	0	0	5.0	13.0	0	0	0	0	0	0	0	0	0	0	0
visit	0	0	1.0	0	0	3.0	0	1.0	3.0	0	0	0	10.0	9.0	0	0	0	0	0	0	0	0	0	0	0	0	0	0	0	0
wait	0	0	0	0	2.0	0	0	0	8.0	1.0	0	0	0	1.0	0	0	0	0	8.0	0	0	0	0	1.0	2.0	0	0	0	0	0
want	2.0	0	32.0	3.0	1.0	1.0	1.0	0	54.0	0	0	0	0	17.0	1.0	0	0	30.0	37.0	0	2.0	0	0	2.0	4.0	0	0	1.0	1.0	0
wanted	0	0	11.0	0	0	0	1.0	1.0	32.0	0	0	0	0	3.0	0	0	0	13.0	7.0	0	2.0	0	1.0	0	1.0	0	0	0	0	0
wants	0	0	8.0	0	0	0	0	2.0	1.0	1.0	0	0	0	2.0	0	0	0	3.0	9.0	1.0	0	0	0	0	0	0	0	1.0	0	0
washington	0	0	0	0	0	1.0	1.0	0	0	2.0	2.0	0	0	1.0	0	0	0	0	39.0	0	6.0	0	0	0	6.0	0	0	0	0	0
wasn	0	0	6.0	0	0	0	0	0	8.0	0	0	0	0	1.0	0	0	0	8.0	7.0	0	0	0	0	0	1.0	0	1.0	0	0	0
watch	0	0	0	0	0	3.0	0	0	3.0	0	0	0	0	3.0	0	0	0	0	9.0	0	0	0	0	0	4.0	1.0	0	1.0	0	0
way	1.0	0	13.0	1.0	0	2.0	0	1.0	48.0	4.0	0	0	0	12.0	0	0	0	27.0	33.0	1.0	2.0	0	2.0	0	3.0	0	0	0	0	0
ways	0	0	1.0	1.0	1.0	1.0	0	0	7.0	0	0	0	0	9.0	0	0	0	6.0	9.0	0	0	0	0	0	0	0	0	0	0	0
web	4.0	0	1.0	3.0	0	3.0	0	0	23.0	0	0	0	0	1.0	1.0	0	0	1.0	3.0	0	2.0	0	0	0	0	4.0	1.0	0	0	0
website	1.0	0	1.0	0	0	0	0	0	69.0	0	0	0	10.0	3.0	0	0	0	3.0	8.0	0	0	0	0	0	0	3.0	0	0	0	0
week	0	0	4.0	0	0	2.0	1.0	0	21.0	0	0	0	0	11.0	0	0	0	7.0	11.0	0	5.0	0	1.0	0	9.0	0	1.0	0	0	0
weekend	0	0	1.0	0	0	1.0	1.0	2.0	1.0	0	0	0	0	1.0	0	0	0	2.0	8.0	0	0	0	0	0	2.0	0	0	0	1.0	0
weeks	0	0	0	0	0	2.0	0	1.0	11.0	1.0	0	0	0	0	0	0	1.0	5.0	6.0	0	3.0	0	0	0	2.0	0	1.0	0	0	0
well	2.0	0	15.0	2.0	2.0	1.0	1.0	2.0	41.0	1.0	0	0	0	10.0	0	0	0	14.0	40.0	0	2.0	0	2.0	1.0	0	0	0	0	0	0
went	1.0	0	4.0	0	1.0	1.0	1.0	0	7.0	0	1.0	0	0	2.0	0	0	0	7.0	9.0	0	0	0	1.0	0	5.0	0	1.0	0	0	0
were	1.0	0	32.0	0	1.0	4.0	1.0	9.0	45.0	3.0	0	0	0	6.0	2.0	2.0	0	33.0	44.0	1.0	6.0	0	0	0	10.0	0	0	0	3.0	0
weren	0	0	5.0	0	0	0	0	0	2.0	0	0	0	0	0	0	0	0	3.0	5.0	0	0	0	0	0	1.0	0	0	0	0	0
whatever	0	0	2.0	1.0	0	0	0	2.0	5.0	0	0	0	0	0	0	0	0	2.0	4.0	0	0	0	0	0	1.0	0	0	0	0	0
where	1.0	0	23.0	1.0	0	4.0	0	5.0	38.0	0	0	0	0	10.0	0	0	0	15.0	38.0	0	5.0	0	3.0	0	12.0	0	0	0	0	1.0
whether	1.0	1.0	2.0	2.0	0	3.0	0	2.0	2.0	0	0	0	0	5.0	0	0	0	1.0	13.0	1.0	1.0	0	0	0	2.0	0	0	0	0	0
which	4.0	0	13.0	12.0	2.0	10.0	2.0	10.0	38.0	0	0	0	0	19.0	1.0	0	0	21.0	76.0	0	9.0	0	2.0	0	11.0	0	0	0	0	1.0
while	1.0	0	7.0	5.0	1.0	2.0	0	2.0	76.0	0	0	0	0	6.0	0	2.0	0	8.0	31.0	0	6.0	0	1.0	0	5.0	0	2.0	0	0	0
white	0	0	0	0	0	0	0	3.0	3.0	2.0	1.0	0	0	3.0	0	0	0	0	54.0	0	0	0	0	0	11.0	0	0	0	0	0
whole	0	0	3.0	0	0	0	0	0	12.0	1.0	0	0	0	1.0	0	0	0	1.0	12.0	0	0	0	0	0	0	2.0	0	0	0	0
why	0	0	20.0	1.0	0	2.0	1.0	3.0	25.0	3.0	0	0	0	9.0	0	0	0	24.0	22.0	0	1.0	0	5.0	4.0	2.0	0	0	0	3.0	0
without	0	0	1.0	0	0	3.0	2.0	1.0	25.0	0	0	0	0	2.0	0	0	0	2.0	7.0	0	1.0	0	0	0	7.0	1.0	0	0	0	0
women	0	0	0	1.0	2.0	3.0	0	1.0	0	0	0	0	0	9.0	0	0	0	0	50.0	0	0	0	0	0	1.0	1.0	0	0	0	0
won	0	0	6.0	1.0	0	2.0	1.0	3.0	17.0	0	0	0	0	2.0	0	0	0	10.0	17.0	0	0	0	1.0	0	3.0	0	1.0	0	0	0
words	0	0	1.0	0	0	1.0	4.0	1.0	3.0	0	0	0	0	0	1.0	0	0	1.0	14.0	0	1.0	0	0	0	2.0	0	0	0	1.0	0
work	1.0	1.0	15.0	0	0	4.0	3.0	1.0	63.0	0	0	0	0	11.0	1.0	0	0	17.0	16.0	0	8.0	1.0	0	1.0	0	0	0	0	1.0	0
worked	0	0	6.0	0	0	0	0	0	8.0	0	0	0	0	1.0	1.0	0	0	5.0	3.0	0	3.0	0	0	1.0	1.0	0	0	0	0	0
working	2.0	0	12.0	0	0	1.0	0	0	53.0	0	0	0	0	5.0	0	0	0	1.0	6.0	0	2.0	0	1.0	0	2.0	0	0	0	0	0
works	0	0	3.0	2.0	0	0	0	0	16.0	0	0	0	0	1.0	0	0	0	1.0	3.0	0	0	0	1.0	0	0	0	0	0	0	0
would	10.0	1.0	21.0	0	0	7.0	1.0	3.0	116.0	2.0	0	0	0	6.0	2.0	0	0	30.0	109.0	0	6.0	0	0	1.0	16.0	0	0	1.0	0	0
wouldn	2.0	0	1.0	0	0	0	0	0	4.0	0	0	0	0	0	0	0	0	3.0	6.0	0	0	0	0	0	0	0	0	0	0	0
write	0	0	1.0	0	2.0	1.0	0	2.0	11.0	0	0	0	0	1.0	0	0	0	9.0	1.0	0	1.0	0	1.0	0	0	0	0	0	0	0
writing	0	0	3.0	0	1.0	1.0	1.0	0	15.0	0	0	0	0	11.0	0	0	0	5.0	1.0	0	0	0	1.0	0	0	0	1.0	0	0	0
wrong	1.0	0	3.0	0	0	0	0	1.0	2.0	2.0	0	0	0	0	0	0	0	4.0	5.0	1.0	0	0	2.0	0	1.0	0	0	0	0	0
wrote	0	0	2.0	0	1.0	0	1.0	0	12.0	0	0	0	0	2.0	0	0	0	6.0	13.0	0	0	0	0	0	1.0	0	0	0	0	0
yesterday	1.0	0	1.0	0	0	0	3.0	0	1.0	2.0	1.0	0	0	2.0	0	0	0	0	2.0	0	0	0	0	0	0	0	0	0	0	0
york	0	0	0	0	0	0	0	1.0	3.0	0	1.0	0	1.0	5.0	0	0	0	2.0	20.0	0	1.0	0	0	0	2.0	0	0	0	0	0
yourself	1.0	0	5.0	0	0	1.0	0	0	5.0	0	0	0	0	6.0	0	0	0	3.0	2.0	0	0	0	0	0	0	0	0	0	0	1.0
